variant,seed,set,glob,dir,corner,kind,slack_ns,from,to,launch,latch
baseline,1,worst,,,7_slow_1100mv_-40c,hold,0.088,ascal:ascal|o_poly_phase_b.t2[0],ascal:ascal|o_poly_phase_b2.t2[0],pll_hdmi|pll_hdmi_inst|altera_pll_i|cyclonev_pll|counter[0].output_counter|divclk,pll_hdmi|pll_hdmi_inst|altera_pll_i|cyclonev_pll|counter[0].output_counter|divclk
baseline,1,worst,,,7_slow_1100mv_-40c,hold,0.098,ascal:ascal|o_poly_phase_b.t2[4],ascal:ascal|o_poly_phase_b2.t2[4],pll_hdmi|pll_hdmi_inst|altera_pll_i|cyclonev_pll|counter[0].output_counter|divclk,pll_hdmi|pll_hdmi_inst|altera_pll_i|cyclonev_pll|counter[0].output_counter|divclk
baseline,1,worst,,,MIN_fast_1100mv_-40c,hold,0.098,ascal:ascal|o_vpixq_pre[1].r[4],ascal:ascal|o_vpixq[1].r[4],pll_hdmi|pll_hdmi_inst|altera_pll_i|cyclonev_pll|counter[0].output_counter|divclk,pll_hdmi|pll_hdmi_inst|altera_pll_i|cyclonev_pll|counter[0].output_counter|divclk
baseline,2,worst,,,MIN_fast_1100mv_-40c,hold,0.094,audio_out:audio_out|DC_blocker:dcb_l|y[27],audio_out:audio_out|aud_mix_top:audmix_l|v0[4],pll_audio|pll_audio_inst|altera_pll_i|general[0].gpll~PLL_OUTPUT_COUNTER|divclk,pll_audio|pll_audio_inst|altera_pll_i|general[0].gpll~PLL_OUTPUT_COUNTER|divclk
baseline,2,worst,,,MIN_fast_1100mv_-40c,hold,0.095,emu:emu|hps_io:hps_io|sd_buff_dout[10],emu:emu|dpram_dif:bsram|altsyncram:altsyncram_component|altsyncram_cj34:auto_generated|ram_block1a146~portb_datain_reg1,emu c2,emu c2
baseline,2,worst,,,MIN_fast_1100mv_-40c,hold,0.099,emu:emu|hps_io:hps_io|sd_buff_dout[10],emu:emu|dpram_dif:bsram|altsyncram:altsyncram_component|altsyncram_cj34:auto_generated|ram_block1a146~portb_datain_reg9,emu c2,emu c2
baseline,4,worst,,,MIN_fast_1100mv_-40c,hold,0.084,ascal:ascal|o_hpixq[7][2].r[4],ascal:ascal|o_hpixq[8][2].r[4],pll_hdmi|pll_hdmi_inst|altera_pll_i|cyclonev_pll|counter[0].output_counter|divclk,pll_hdmi|pll_hdmi_inst|altera_pll_i|cyclonev_pll|counter[0].output_counter|divclk
baseline,4,worst,,,MIN_fast_1100mv_-40c,hold,0.094,ascal:ascal|o_vpixq_pre[0].r[1],ascal:ascal|o_vpixq[0].r[1],pll_hdmi|pll_hdmi_inst|altera_pll_i|cyclonev_pll|counter[0].output_counter|divclk,pll_hdmi|pll_hdmi_inst|altera_pll_i|cyclonev_pll|counter[0].output_counter|divclk
baseline,4,worst,,,MIN_fast_1100mv_-40c,hold,0.098,ascal:ascal|o_vpixq_pre[0].r[2],ascal:ascal|o_vpixq[0].r[2],pll_hdmi|pll_hdmi_inst|altera_pll_i|cyclonev_pll|counter[0].output_counter|divclk,pll_hdmi|pll_hdmi_inst|altera_pll_i|cyclonev_pll|counter[0].output_counter|divclk
baseline,5,worst,,,7_slow_1100mv_-40c,hold,0.08,ascal:ascal|o_poly_phase_b.t3[2],ascal:ascal|o_poly_phase_b2.t3[2],pll_hdmi|pll_hdmi_inst|altera_pll_i|cyclonev_pll|counter[0].output_counter|divclk,pll_hdmi|pll_hdmi_inst|altera_pll_i|cyclonev_pll|counter[0].output_counter|divclk
baseline,5,worst,,,7_slow_1100mv_-40c,hold,0.087,ascal:ascal|o_poly_phase_b.t3[4],ascal:ascal|o_poly_phase_b2.t3[4],pll_hdmi|pll_hdmi_inst|altera_pll_i|cyclonev_pll|counter[0].output_counter|divclk,pll_hdmi|pll_hdmi_inst|altera_pll_i|cyclonev_pll|counter[0].output_counter|divclk
baseline,5,worst,,,7_slow_1100mv_-40c,hold,0.097,ascal:ascal|o_poly_phase_b.t3[0],ascal:ascal|o_poly_phase_b2.t3[0],pll_hdmi|pll_hdmi_inst|altera_pll_i|cyclonev_pll|counter[0].output_counter|divclk,pll_hdmi|pll_hdmi_inst|altera_pll_i|cyclonev_pll|counter[0].output_counter|divclk
baseline,5,worst,,,7_slow_1100mv_-40c,hold,0.099,ascal:ascal|o_poly_phase_b.t3[1],ascal:ascal|o_poly_phase_b2.t3[1],pll_hdmi|pll_hdmi_inst|altera_pll_i|cyclonev_pll|counter[0].output_counter|divclk,pll_hdmi|pll_hdmi_inst|altera_pll_i|cyclonev_pll|counter[0].output_counter|divclk
baseline,5,worst,,,MIN_fast_1100mv_-40c,hold,0.098,emu:emu|main:main|SNES:SNES|SPPU:PPU|CGRAM_ADDR_CLR[4],emu:emu|main:main|SNES:SNES|SPPU:PPU|dpram:CGRAM|dpram_dif:ram|altsyncram:altsyncram_component|altsyncram_h834:auto_generated|ram_block1a0~portb_datain_reg12,emu c2,emu c2
baseline,5,worst,,,MIN_fast_1100mv_-40c,hold,0.099,emu:emu|main:main|SNES:SNES|SPPU:PPU|CGRAM_ADDR_CLR[4],emu:emu|main:main|SNES:SNES|SPPU:PPU|dpram:CGRAM|dpram_dif:ram|altsyncram:altsyncram_component|altsyncram_h834:auto_generated|ram_block1a0~portb_datain_reg4,emu c2,emu c2
baseline,7,worst,,,MIN_fast_1100mv_-40c,hold,0.094,emu:emu|hps_io:hps_io|sd_buff_dout[4],emu:emu|dpram_dif:bsram|altsyncram:altsyncram_component|altsyncram_cj34:auto_generated|ram_block1a116~portb_datain_reg6,emu c2,emu c2
baseline,7,worst,,,MIN_fast_1100mv_-40c,hold,0.094,emu:emu|hps_io:hps_io|sd_buff_dout[4],emu:emu|dpram_dif:bsram|altsyncram:altsyncram_component|altsyncram_cj34:auto_generated|ram_block1a116~portb_datain_reg4,emu c2,emu c2
baseline,7,worst,,,MIN_fast_1100mv_-40c,hold,0.095,emu:emu|hps_io:hps_io|sd_buff_dout[4],emu:emu|dpram_dif:bsram|altsyncram:altsyncram_component|altsyncram_cj34:auto_generated|ram_block1a116~portb_datain_reg12,emu c2,emu c2
baseline,8,worst,,,7_slow_1100mv_-40c,hold,0.087,ascal:ascal|o_hpixq[7][1].r[5],ascal:ascal|o_hpixq[8][1].r[5],pll_hdmi|pll_hdmi_inst|altera_pll_i|cyclonev_pll|counter[0].output_counter|divclk,pll_hdmi|pll_hdmi_inst|altera_pll_i|cyclonev_pll|counter[0].output_counter|divclk
baseline,8,worst,,,MIN_fast_1100mv_100c,hold,0.095,pll_hdmi_adj:pll_hdmi_adj|i_delay[13],pll_hdmi_adj:pll_hdmi_adj|i_delay[13],emu c1,emu c1
baseline,8,worst,,,MIN_fast_1100mv_-40c,hold,0.076,pll_hdmi_adj:pll_hdmi_adj|i_delay[13],pll_hdmi_adj:pll_hdmi_adj|i_delay[13],emu c1,emu c1
baseline,8,worst,,,MIN_fast_1100mv_-40c,hold,0.098,ascal:ascal|o_hpixq[7][2].g[3],ascal:ascal|o_hpixq[8][2].g[3],pll_hdmi|pll_hdmi_inst|altera_pll_i|cyclonev_pll|counter[0].output_counter|divclk,pll_hdmi|pll_hdmi_inst|altera_pll_i|cyclonev_pll|counter[0].output_counter|divclk
baseline,8,worst,,,MIN_fast_1100mv_-40c,hold,0.099,ascal:ascal|o_hpixq[7][1].r[5],ascal:ascal|o_hpixq[8][1].r[5],pll_hdmi|pll_hdmi_inst|altera_pll_i|cyclonev_pll|counter[0].output_counter|divclk,pll_hdmi|pll_hdmi_inst|altera_pll_i|cyclonev_pll|counter[0].output_counter|divclk
baseline,8,worst,,,MIN_fast_1100mv_-40c,hold,0.099,ascal:ascal|o_hpixq[7][1].g[3],ascal:ascal|o_hpixq[8][1].g[3],pll_hdmi|pll_hdmi_inst|altera_pll_i|cyclonev_pll|counter[0].output_counter|divclk,pll_hdmi|pll_hdmi_inst|altera_pll_i|cyclonev_pll|counter[0].output_counter|divclk
baseline,9,worst,,,7_slow_1100mv_-40c,hold,0.089,ascal:ascal|o_poly_phase_b.t3[1],ascal:ascal|o_poly_phase_b2.t3[1],pll_hdmi|pll_hdmi_inst|altera_pll_i|cyclonev_pll|counter[0].output_counter|divclk,pll_hdmi|pll_hdmi_inst|altera_pll_i|cyclonev_pll|counter[0].output_counter|divclk
baseline,9,worst,,,MIN_fast_1100mv_-40c,hold,0.093,ascal:ascal|o_hpixq[7][3].r[3],ascal:ascal|o_hpixq[8][3].r[3],pll_hdmi|pll_hdmi_inst|altera_pll_i|cyclonev_pll|counter[0].output_counter|divclk,pll_hdmi|pll_hdmi_inst|altera_pll_i|cyclonev_pll|counter[0].output_counter|divclk
baseline,10,worst,,,MIN_fast_1100mv_-40c,hold,0.084,emu:emu|hps_io:hps_io|sd_buff_dout[15],emu:emu|dpram_dif:bsram|altsyncram:altsyncram_component|altsyncram_cj34:auto_generated|ram_block1a159~portb_datain_reg7,emu c2,emu c2
baseline,10,worst,,,MIN_fast_1100mv_-40c,hold,0.084,emu:emu|hps_io:hps_io|sd_buff_dout[15],emu:emu|dpram_dif:bsram|altsyncram:altsyncram_component|altsyncram_cj34:auto_generated|ram_block1a159~portb_datain_reg5,emu c2,emu c2
baseline,10,worst,,,MIN_fast_1100mv_-40c,hold,0.084,emu:emu|hps_io:hps_io|sd_buff_dout[15],emu:emu|dpram_dif:bsram|altsyncram:altsyncram_component|altsyncram_cj34:auto_generated|ram_block1a159~portb_datain_reg13,emu c2,emu c2
baseline,10,worst,,,MIN_fast_1100mv_-40c,hold,0.086,emu:emu|hps_io:hps_io|sd_buff_dout[15],emu:emu|dpram_dif:bsram|altsyncram:altsyncram_component|altsyncram_cj34:auto_generated|ram_block1a159~portb_datain_reg15,emu c2,emu c2
baseline,10,worst,,,MIN_fast_1100mv_-40c,hold,0.097,emu:emu|hps_io:hps_io|sd_buff_dout[15],emu:emu|dpram_dif:bsram|altsyncram:altsyncram_component|altsyncram_cj34:auto_generated|ram_block1a135~portb_datain_reg1,emu c2,emu c2
baseline,11,worst,,,MIN_fast_1100mv_-40c,hold,0.076,emu:emu|main:main|SNES:SNES|SPPU:PPU|CGRAM_ADDR_CLR[1],emu:emu|main:main|SNES:SNES|SPPU:PPU|dpram:CGRAM|dpram_dif:ram|altsyncram:altsyncram_component|altsyncram_h834:auto_generated|ram_block1a0~portb_datain_reg1,emu c2,emu c2
baseline,11,worst,,,MIN_fast_1100mv_-40c,hold,0.089,emu:emu|main:main|SNES:SNES|SPPU:PPU|CGRAM_ADDR_CLR[1],emu:emu|main:main|SNES:SNES|SPPU:PPU|dpram:CGRAM|dpram_dif:ram|altsyncram:altsyncram_component|altsyncram_h834:auto_generated|ram_block1a0~portb_datain_reg9,emu c2,emu c2
baseline,11,worst,,,MIN_fast_1100mv_-40c,hold,0.095,emu:emu|main:main|SNES:SNES|SPPU:PPU|CGRAM_ADDR_CLR[5],emu:emu|main:main|SNES:SNES|SPPU:PPU|dpram:CGRAM|dpram_dif:ram|altsyncram:altsyncram_component|altsyncram_h834:auto_generated|ram_block1a0~portb_datain_reg13,emu c2,emu c2
baseline,12,worst,,,7_slow_1100mv_-40c,hold,0.069,ascal:ascal|o_hpixq[7][1].g[4],ascal:ascal|o_hpixq[8][1].g[4],pll_hdmi|pll_hdmi_inst|altera_pll_i|cyclonev_pll|counter[0].output_counter|divclk,pll_hdmi|pll_hdmi_inst|altera_pll_i|cyclonev_pll|counter[0].output_counter|divclk
baseline,12,worst,,,7_slow_1100mv_-40c,hold,0.073,ascal:ascal|o_vpixq_pre[0].g[4],ascal:ascal|o_vpixq[0].g[4],pll_hdmi|pll_hdmi_inst|altera_pll_i|cyclonev_pll|counter[0].output_counter|divclk,pll_hdmi|pll_hdmi_inst|altera_pll_i|cyclonev_pll|counter[0].output_counter|divclk
baseline,12,worst,,,7_slow_1100mv_-40c,hold,0.079,ascal:ascal|o_vpixq_pre[0].g[6],ascal:ascal|o_vpixq[0].g[6],pll_hdmi|pll_hdmi_inst|altera_pll_i|cyclonev_pll|counter[0].output_counter|divclk,pll_hdmi|pll_hdmi_inst|altera_pll_i|cyclonev_pll|counter[0].output_counter|divclk
baseline,12,worst,,,7_slow_1100mv_-40c,hold,0.093,ascal:ascal|o_vpixq_pre[3].g[0],ascal:ascal|o_vpixq[3].g[0],pll_hdmi|pll_hdmi_inst|altera_pll_i|cyclonev_pll|counter[0].output_counter|divclk,pll_hdmi|pll_hdmi_inst|altera_pll_i|cyclonev_pll|counter[0].output_counter|divclk
baseline,12,worst,,,MIN_fast_1100mv_-40c,hold,0.083,ascal:ascal|o_hpixq[7][0].g[5],ascal:ascal|o_hpixq[8][0].g[5],pll_hdmi|pll_hdmi_inst|altera_pll_i|cyclonev_pll|counter[0].output_counter|divclk,pll_hdmi|pll_hdmi_inst|altera_pll_i|cyclonev_pll|counter[0].output_counter|divclk
baseline,12,worst,,,MIN_fast_1100mv_-40c,hold,0.093,ascal:ascal|o_hpixq[7][1].g[4],ascal:ascal|o_hpixq[8][1].g[4],pll_hdmi|pll_hdmi_inst|altera_pll_i|cyclonev_pll|counter[0].output_counter|divclk,pll_hdmi|pll_hdmi_inst|altera_pll_i|cyclonev_pll|counter[0].output_counter|divclk
baseline,12,worst,,,MIN_fast_1100mv_-40c,hold,0.095,ascal:ascal|o_hpixq[7][0].g[2],ascal:ascal|o_hpixq[8][0].g[2],pll_hdmi|pll_hdmi_inst|altera_pll_i|cyclonev_pll|counter[0].output_counter|divclk,pll_hdmi|pll_hdmi_inst|altera_pll_i|cyclonev_pll|counter[0].output_counter|divclk
baseline,13,worst,,,7_slow_1100mv_100c,hold,-0.02,emu:emu|main:main|savestates:ss|ss_ddr_addr[4],emu:emu|ddram:ddram|cache_addr[4],emu c2,emu c0
baseline,13,worst,,,7_slow_1100mv_-40c,hold,0.067,emu:emu|main:main|savestates:ss|ss_ddr_addr[4],emu:emu|ddram:ddram|cache_addr[4],emu c2,emu c0
baseline,13,worst,,,7_slow_1100mv_-40c,hold,0.095,ascal:ascal|o_poly_phase_a.t1[4],ascal:ascal|o_poly_phase_a2.t1[4],pll_hdmi|pll_hdmi_inst|altera_pll_i|cyclonev_pll|counter[0].output_counter|divclk,pll_hdmi|pll_hdmi_inst|altera_pll_i|cyclonev_pll|counter[0].output_counter|divclk
baseline,13,worst,,,MIN_fast_1100mv_100c,hold,0.027,emu:emu|main:main|savestates:ss|ss_ddr_addr[4],emu:emu|ddram:ddram|cache_addr[4],emu c2,emu c0
baseline,13,worst,,,MIN_fast_1100mv_-40c,hold,0.001,emu:emu|main:main|savestates:ss|ss_ddr_addr[4],emu:emu|ddram:ddram|cache_addr[4],emu c2,emu c0
baseline,13,worst,,,MIN_fast_1100mv_-40c,hold,0.05,emu:emu|hps_io:hps_io|sd_buff_dout[11],emu:emu|dpram_dif:bsram|altsyncram:altsyncram_component|altsyncram_cj34:auto_generated|ram_block1a107~portb_datain_reg15,emu c2,emu c2
baseline,13,worst,,,MIN_fast_1100mv_-40c,hold,0.051,emu:emu|hps_io:hps_io|sd_buff_dout[11],emu:emu|dpram_dif:bsram|altsyncram:altsyncram_component|altsyncram_cj34:auto_generated|ram_block1a107~portb_datain_reg7,emu c2,emu c2
baseline,13,worst,,,MIN_fast_1100mv_-40c,hold,0.053,ascal:ascal|o_poly_phase_a.t1[4],ascal:ascal|o_poly_phase_a2.t1[4],pll_hdmi|pll_hdmi_inst|altera_pll_i|cyclonev_pll|counter[0].output_counter|divclk,pll_hdmi|pll_hdmi_inst|altera_pll_i|cyclonev_pll|counter[0].output_counter|divclk
baseline,13,worst,,,MIN_fast_1100mv_-40c,hold,0.054,emu:emu|hps_io:hps_io|sd_buff_dout[11],emu:emu|dpram_dif:bsram|altsyncram:altsyncram_component|altsyncram_cj34:auto_generated|ram_block1a107~portb_datain_reg5,emu c2,emu c2
baseline,13,worst,,,MIN_fast_1100mv_-40c,hold,0.055,emu:emu|hps_io:hps_io|sd_buff_dout[11],emu:emu|dpram_dif:bsram|altsyncram:altsyncram_component|altsyncram_cj34:auto_generated|ram_block1a107~portb_datain_reg13,emu c2,emu c2
baseline,13,worst,,,MIN_fast_1100mv_-40c,hold,0.06,emu:emu|hps_io:hps_io|sd_buff_dout[11],emu:emu|dpram_dif:bsram|altsyncram:altsyncram_component|altsyncram_cj34:auto_generated|ram_block1a107~portb_datain_reg11,emu c2,emu c2
baseline,13,worst,,,MIN_fast_1100mv_-40c,hold,0.064,emu:emu|hps_io:hps_io|sd_buff_dout[11],emu:emu|dpram_dif:bsram|altsyncram:altsyncram_component|altsyncram_cj34:auto_generated|ram_block1a107~portb_datain_reg3,emu c2,emu c2
baseline,13,worst,,,MIN_fast_1100mv_-40c,hold,0.066,emu:emu|hps_io:hps_io|sd_buff_dout[11],emu:emu|dpram_dif:bsram|altsyncram:altsyncram_component|altsyncram_cj34:auto_generated|ram_block1a107~portb_datain_reg1,emu c2,emu c2
baseline,13,worst,,,MIN_fast_1100mv_-40c,hold,0.067,emu:emu|hps_io:hps_io|sd_buff_dout[11],emu:emu|dpram_dif:bsram|altsyncram:altsyncram_component|altsyncram_cj34:auto_generated|ram_block1a107~portb_datain_reg9,emu c2,emu c2
baseline,13,worst,,,MIN_fast_1100mv_-40c,hold,0.087,emu:emu|hps_io:hps_io|sd_buff_dout[14],emu:emu|dpram_dif:bsram|altsyncram:altsyncram_component|altsyncram_cj34:auto_generated|ram_block1a94~portb_datain_reg1,emu c2,emu c2
baseline,13,worst,,,MIN_fast_1100mv_-40c,hold,0.092,emu:emu|hps_io:hps_io|sd_buff_dout[14],emu:emu|dpram_dif:bsram|altsyncram:altsyncram_component|altsyncram_cj34:auto_generated|ram_block1a94~portb_datain_reg9,emu c2,emu c2
baseline,14,worst,,,MIN_fast_1100mv_-40c,hold,0.098,emu:emu|main:main|SNES:SNES|SPPU:PPU|CGRAM_ADDR_CLR[0],emu:emu|main:main|SNES:SNES|SPPU:PPU|dpram:CGRAM|dpram_dif:ram|altsyncram:altsyncram_component|altsyncram_h834:auto_generated|ram_block1a0~portb_datain_reg8,emu c2,emu c2
baseline,14,worst,,,MIN_fast_1100mv_-40c,hold,0.099,emu:emu|main:main|SNES:SNES|SPPU:PPU|CGRAM_ADDR_CLR[0],emu:emu|main:main|SNES:SNES|SPPU:PPU|dpram:CGRAM|dpram_dif:ram|altsyncram:altsyncram_component|altsyncram_h834:auto_generated|ram_block1a0~portb_datain_reg0,emu c2,emu c2
baseline,15,worst,,,7_slow_1100mv_100c,hold,0.059,emu:emu|main:main|savestates:ss|ss_ddr_addr[9],emu:emu|ddram:ddram|cache_addr[9],emu c2,emu c0
baseline,15,worst,,,MIN_fast_1100mv_100c,hold,0.077,emu:emu|main:main|savestates:ss|ss_ddr_addr[9],emu:emu|ddram:ddram|cache_addr[9],emu c2,emu c0
baseline,15,worst,,,MIN_fast_1100mv_-40c,hold,0.042,emu:emu|main:main|savestates:ss|ss_ddr_addr[9],emu:emu|ddram:ddram|cache_addr[9],emu c2,emu c0
baseline,15,worst,,,MIN_fast_1100mv_-40c,hold,0.085,emu:emu|lightgun:lightgun|vcnt[0],emu:emu|lightgun:lightgun|vtotal[0],emu c2,emu c2
baseline,16,worst,,,MIN_fast_1100mv_-40c,hold,0.094,emu:emu|hps_io:hps_io|sd_buff_dout[12],emu:emu|dpram_dif:bsram|altsyncram:altsyncram_component|altsyncram_cj34:auto_generated|ram_block1a36~portb_datain_reg1,emu c2,emu c2
baseline,16,worst,,,MIN_fast_1100mv_-40c,hold,0.098,emu:emu|hps_io:hps_io|sd_buff_dout[12],emu:emu|dpram_dif:bsram|altsyncram:altsyncram_component|altsyncram_cj34:auto_generated|ram_block1a36~portb_datain_reg9,emu c2,emu c2
baseline,17,worst,,,7_slow_1100mv_-40c,hold,0.096,ascal:ascal|o_poly_lum1[3],ascal:ascal|o_poly_lerp_tb[3]~_Duplicate_3,pll_hdmi|pll_hdmi_inst|altera_pll_i|cyclonev_pll|counter[0].output_counter|divclk,pll_hdmi|pll_hdmi_inst|altera_pll_i|cyclonev_pll|counter[0].output_counter|divclk
baseline,17,worst,,,7_slow_1100mv_-40c,hold,0.099,ascal:ascal|o_hpixq[7][3].r[2],ascal:ascal|o_hpixq[8][3].r[2],pll_hdmi|pll_hdmi_inst|altera_pll_i|cyclonev_pll|counter[0].output_counter|divclk,pll_hdmi|pll_hdmi_inst|altera_pll_i|cyclonev_pll|counter[0].output_counter|divclk
baseline,17,worst,,,MIN_fast_1100mv_-40c,hold,0.081,pll_hdmi_adj:pll_hdmi_adj|i_delay[13],pll_hdmi_adj:pll_hdmi_adj|i_delay[13],emu c1,emu c1
baseline,17,worst,,,MIN_fast_1100mv_-40c,hold,0.087,ascal:ascal|o_hpixq[7][1].r[4],ascal:ascal|o_hpixq[8][1].r[4],pll_hdmi|pll_hdmi_inst|altera_pll_i|cyclonev_pll|counter[0].output_counter|divclk,pll_hdmi|pll_hdmi_inst|altera_pll_i|cyclonev_pll|counter[0].output_counter|divclk
baseline,17,worst,,,MIN_fast_1100mv_-40c,hold,0.094,emu:emu|hps_io:hps_io|sd_buff_dout[9],emu:emu|dpram_dif:bsram|altsyncram:altsyncram_component|altsyncram_cj34:auto_generated|ram_block1a17~portb_datain_reg1,emu c2,emu c2
baseline,17,worst,,,MIN_fast_1100mv_-40c,hold,0.096,ascal:ascal|o_hpixq[7][1].r[2],ascal:ascal|o_hpixq[8][1].r[2],pll_hdmi|pll_hdmi_inst|altera_pll_i|cyclonev_pll|counter[0].output_counter|divclk,pll_hdmi|pll_hdmi_inst|altera_pll_i|cyclonev_pll|counter[0].output_counter|divclk
baseline,17,worst,,,MIN_fast_1100mv_-40c,hold,0.099,emu:emu|hps_io:hps_io|sd_buff_dout[9],emu:emu|dpram_dif:bsram|altsyncram:altsyncram_component|altsyncram_cj34:auto_generated|ram_block1a17~portb_datain_reg9,emu c2,emu c2
baseline,17,worst,,,MIN_fast_1100mv_-40c,hold,0.099,ascal:ascal|o_poly_lum1[1],ascal:ascal|o_poly_lerp_tb[1]~_Duplicate_3,pll_hdmi|pll_hdmi_inst|altera_pll_i|cyclonev_pll|counter[0].output_counter|divclk,pll_hdmi|pll_hdmi_inst|altera_pll_i|cyclonev_pll|counter[0].output_counter|divclk
baseline,18,worst,,,7_slow_1100mv_-40c,hold,0.069,ascal:ascal|o_poly_phase_b.t3[3],ascal:ascal|o_poly_phase_b2.t3[3],pll_hdmi|pll_hdmi_inst|altera_pll_i|cyclonev_pll|counter[0].output_counter|divclk,pll_hdmi|pll_hdmi_inst|altera_pll_i|cyclonev_pll|counter[0].output_counter|divclk
baseline,18,worst,,,7_slow_1100mv_-40c,hold,0.08,ascal:ascal|o_poly_phase_b.t3[0],ascal:ascal|o_poly_phase_b2.t3[0],pll_hdmi|pll_hdmi_inst|altera_pll_i|cyclonev_pll|counter[0].output_counter|divclk,pll_hdmi|pll_hdmi_inst|altera_pll_i|cyclonev_pll|counter[0].output_counter|divclk
baseline,18,worst,,,MIN_fast_1100mv_-40c,hold,0.091,emu:emu|main:main|SNES:SNES|SPPU:PPU|CGRAM_ADDR_CLR[4],emu:emu|main:main|SNES:SNES|SPPU:PPU|dpram:CGRAM|dpram_dif:ram|altsyncram:altsyncram_component|altsyncram_h834:auto_generated|ram_block1a0~portb_datain_reg12,emu c2,emu c2
baseline,18,worst,,,MIN_fast_1100mv_-40c,hold,0.092,emu:emu|main:main|SNES:SNES|SPPU:PPU|CGRAM_ADDR_CLR[4],emu:emu|main:main|SNES:SNES|SPPU:PPU|dpram:CGRAM|dpram_dif:ram|altsyncram:altsyncram_component|altsyncram_h834:auto_generated|ram_block1a0~portb_datain_reg4,emu c2,emu c2
baseline,18,worst,,,MIN_fast_1100mv_-40c,hold,0.096,ascal:ascal|o_hpixq[7][1].b[2],ascal:ascal|o_hpixq[8][1].b[2],pll_hdmi|pll_hdmi_inst|altera_pll_i|cyclonev_pll|counter[0].output_counter|divclk,pll_hdmi|pll_hdmi_inst|altera_pll_i|cyclonev_pll|counter[0].output_counter|divclk
baseline,19,worst,,,7_slow_1100mv_-40c,hold,0.032,ascal:ascal|o_poly_phase_b.t2[3],ascal:ascal|o_poly_phase_b2.t2[3],pll_hdmi|pll_hdmi_inst|altera_pll_i|cyclonev_pll|counter[0].output_counter|divclk,pll_hdmi|pll_hdmi_inst|altera_pll_i|cyclonev_pll|counter[0].output_counter|divclk
baseline,19,worst,,,7_slow_1100mv_-40c,hold,0.083,ascal:ascal|o_poly_phase_b.t2[5],ascal:ascal|o_poly_phase_b2.t2[5],pll_hdmi|pll_hdmi_inst|altera_pll_i|cyclonev_pll|counter[0].output_counter|divclk,pll_hdmi|pll_hdmi_inst|altera_pll_i|cyclonev_pll|counter[0].output_counter|divclk
baseline,19,worst,,,7_slow_1100mv_-40c,hold,0.086,ascal:ascal|o_poly_phase_b.t2[1],ascal:ascal|o_poly_phase_b2.t2[1],pll_hdmi|pll_hdmi_inst|altera_pll_i|cyclonev_pll|counter[0].output_counter|divclk,pll_hdmi|pll_hdmi_inst|altera_pll_i|cyclonev_pll|counter[0].output_counter|divclk
baseline,19,worst,,,7_slow_1100mv_-40c,hold,0.089,ascal:ascal|o_poly_phase_b.t2[7],ascal:ascal|o_poly_phase_b2.t2[7],pll_hdmi|pll_hdmi_inst|altera_pll_i|cyclonev_pll|counter[0].output_counter|divclk,pll_hdmi|pll_hdmi_inst|altera_pll_i|cyclonev_pll|counter[0].output_counter|divclk
baseline,19,worst,,,7_slow_1100mv_-40c,hold,0.09,ascal:ascal|o_poly_phase_b.t2[0],ascal:ascal|o_poly_phase_b2.t2[0],pll_hdmi|pll_hdmi_inst|altera_pll_i|cyclonev_pll|counter[0].output_counter|divclk,pll_hdmi|pll_hdmi_inst|altera_pll_i|cyclonev_pll|counter[0].output_counter|divclk
baseline,19,worst,,,MIN_fast_1100mv_-40c,hold,0.075,ascal:ascal|o_poly_phase_a.t2[5],ascal:ascal|o_poly_phase_a2.t2[5],pll_hdmi|pll_hdmi_inst|altera_pll_i|cyclonev_pll|counter[0].output_counter|divclk,pll_hdmi|pll_hdmi_inst|altera_pll_i|cyclonev_pll|counter[0].output_counter|divclk
baseline,19,worst,,,MIN_fast_1100mv_-40c,hold,0.08,pll_hdmi_adj:pll_hdmi_adj|i_delay[13],pll_hdmi_adj:pll_hdmi_adj|i_delay[13],emu c1,emu c1
baseline,19,worst,,,MIN_fast_1100mv_-40c,hold,0.087,ascal:ascal|o_vpixq_pre[2].r[2],ascal:ascal|o_vpixq[2].r[2],pll_hdmi|pll_hdmi_inst|altera_pll_i|cyclonev_pll|counter[0].output_counter|divclk,pll_hdmi|pll_hdmi_inst|altera_pll_i|cyclonev_pll|counter[0].output_counter|divclk
baseline,20,worst,,,MIN_fast_1100mv_-40c,hold,0.051,emu:emu|hps_io:hps_io|sd_buff_dout[0],emu:emu|dpram_dif:bsram|altsyncram:altsyncram_component|altsyncram_cj34:auto_generated|ram_block1a152~portb_datain_reg2,emu c2,emu c2
baseline,20,worst,,,MIN_fast_1100mv_-40c,hold,0.051,emu:emu|hps_io:hps_io|sd_buff_dout[0],emu:emu|dpram_dif:bsram|altsyncram:altsyncram_component|altsyncram_cj34:auto_generated|ram_block1a152~portb_datain_reg8,emu c2,emu c2
baseline,20,worst,,,MIN_fast_1100mv_-40c,hold,0.057,emu:emu|hps_io:hps_io|sd_buff_dout[0],emu:emu|dpram_dif:bsram|altsyncram:altsyncram_component|altsyncram_cj34:auto_generated|ram_block1a152~portb_datain_reg10,emu c2,emu c2
baseline,20,worst,,,MIN_fast_1100mv_-40c,hold,0.07,emu:emu|hps_io:hps_io|sd_buff_dout[0],emu:emu|dpram_dif:bsram|altsyncram:altsyncram_component|altsyncram_cj34:auto_generated|ram_block1a152~portb_datain_reg0,emu c2,emu c2
baseline,20,worst,,,MIN_fast_1100mv_-40c,hold,0.077,emu:emu|hps_io:hps_io|sd_buff_dout[0],emu:emu|dpram_dif:bsram|altsyncram:altsyncram_component|altsyncram_cj34:auto_generated|ram_block1a152~portb_datain_reg6,emu c2,emu c2
baseline,20,worst,,,MIN_fast_1100mv_-40c,hold,0.079,emu:emu|hps_io:hps_io|sd_buff_dout[0],emu:emu|dpram_dif:bsram|altsyncram:altsyncram_component|altsyncram_cj34:auto_generated|ram_block1a152~portb_datain_reg14,emu c2,emu c2
baseline,20,worst,,,MIN_fast_1100mv_-40c,hold,0.08,emu:emu|hps_io:hps_io|sd_buff_dout[0],emu:emu|dpram_dif:bsram|altsyncram:altsyncram_component|altsyncram_cj34:auto_generated|ram_block1a152~portb_datain_reg4,emu c2,emu c2
baseline,20,worst,,,MIN_fast_1100mv_-40c,hold,0.081,emu:emu|hps_io:hps_io|sd_buff_dout[0],emu:emu|dpram_dif:bsram|altsyncram:altsyncram_component|altsyncram_cj34:auto_generated|ram_block1a152~portb_datain_reg12,emu c2,emu c2
baseline,20,worst,,,MIN_fast_1100mv_-40c,hold,0.082,audio_out:audio_out|DC_blocker:dcb_l|x1[36],audio_out:audio_out|DC_blocker:dcb_l|y[36],pll_audio|pll_audio_inst|altera_pll_i|general[0].gpll~PLL_OUTPUT_COUNTER|divclk,pll_audio|pll_audio_inst|altera_pll_i|general[0].gpll~PLL_OUTPUT_COUNTER|divclk
baseline,20,worst,,,MIN_fast_1100mv_-40c,hold,0.091,emu:emu|hps_io:hps_io|sd_buff_dout[0],emu:emu|dpram_dif:bsram|altsyncram:altsyncram_component|altsyncram_cj34:auto_generated|ram_block1a136~portb_datain_reg2,emu c2,emu c2
baseline,20,worst,,,MIN_fast_1100mv_-40c,hold,0.097,emu:emu|hps_io:hps_io|sd_buff_dout[0],emu:emu|dpram_dif:bsram|altsyncram:altsyncram_component|altsyncram_cj34:auto_generated|ram_block1a136~portb_datain_reg10,emu c2,emu c2
baseline,20,worst,,,MIN_fast_1100mv_-40c,hold,0.097,emu:emu|hps_io:hps_io|sd_buff_dout[0],emu:emu|dpram_dif:bsram|altsyncram:altsyncram_component|altsyncram_cj34:auto_generated|ram_block1a136~portb_datain_reg8,emu c2,emu c2
baseline,21,worst,,,7_slow_1100mv_-40c,hold,0.074,ascal:ascal|o_poly_phase_b.t2[0],ascal:ascal|o_poly_phase_b2.t2[0],pll_hdmi|pll_hdmi_inst|altera_pll_i|cyclonev_pll|counter[0].output_counter|divclk,pll_hdmi|pll_hdmi_inst|altera_pll_i|cyclonev_pll|counter[0].output_counter|divclk
baseline,21,worst,,,7_slow_1100mv_-40c,hold,0.079,ascal:ascal|o_poly_phase_b.t2[7],ascal:ascal|o_poly_phase_b2.t2[7],pll_hdmi|pll_hdmi_inst|altera_pll_i|cyclonev_pll|counter[0].output_counter|divclk,pll_hdmi|pll_hdmi_inst|altera_pll_i|cyclonev_pll|counter[0].output_counter|divclk
baseline,21,worst,,,7_slow_1100mv_-40c,hold,0.083,ascal:ascal|o_poly_phase_b.t2[2],ascal:ascal|o_poly_phase_b2.t2[2],pll_hdmi|pll_hdmi_inst|altera_pll_i|cyclonev_pll|counter[0].output_counter|divclk,pll_hdmi|pll_hdmi_inst|altera_pll_i|cyclonev_pll|counter[0].output_counter|divclk
baseline,21,worst,,,7_slow_1100mv_-40c,hold,0.091,ascal:ascal|o_poly_phase_b.t2[5],ascal:ascal|o_poly_phase_b2.t2[5],pll_hdmi|pll_hdmi_inst|altera_pll_i|cyclonev_pll|counter[0].output_counter|divclk,pll_hdmi|pll_hdmi_inst|altera_pll_i|cyclonev_pll|counter[0].output_counter|divclk
baseline,21,worst,,,MIN_fast_1100mv_-40c,hold,0.088,ascal:ascal|o_hpixq[7][1].r[4],ascal:ascal|o_hpixq[8][1].r[4],pll_hdmi|pll_hdmi_inst|altera_pll_i|cyclonev_pll|counter[0].output_counter|divclk,pll_hdmi|pll_hdmi_inst|altera_pll_i|cyclonev_pll|counter[0].output_counter|divclk
baseline,21,worst,,,MIN_fast_1100mv_-40c,hold,0.097,emu:emu|hps_io:hps_io|sd_buff_dout[2],emu:emu|dpram_dif:bsram|altsyncram:altsyncram_component|altsyncram_cj34:auto_generated|ram_block1a10~portb_datain_reg8,emu c2,emu c2
baseline,22,worst,,,MIN_fast_1100mv_-40c,hold,0.091,emu:emu|main:main|SNES:SNES|SPPU:PPU|CGRAM_ADDR_CLR[5],emu:emu|main:main|SNES:SNES|SPPU:PPU|dpram:CGRAM|dpram_dif:ram|altsyncram:altsyncram_component|altsyncram_h834:auto_generated|ram_block1a0~portb_datain_reg13,emu c2,emu c2
baseline,24,worst,,,MIN_fast_1100mv_-40c,hold,0.084,emu:emu|hps_io:hps_io|sd_buff_dout[3],emu:emu|dpram_dif:bsram|altsyncram:altsyncram_component|altsyncram_cj34:auto_generated|ram_block1a11~portb_datain_reg8,emu c2,emu c2
baseline,24,worst,,,MIN_fast_1100mv_-40c,hold,0.087,emu:emu|hps_io:hps_io|sd_buff_dout[3],emu:emu|dpram_dif:bsram|altsyncram:altsyncram_component|altsyncram_cj34:auto_generated|ram_block1a11~portb_datain_reg2,emu c2,emu c2
baseline,24,worst,,,MIN_fast_1100mv_-40c,hold,0.093,emu:emu|hps_io:hps_io|sd_buff_dout[3],emu:emu|dpram_dif:bsram|altsyncram:altsyncram_component|altsyncram_cj34:auto_generated|ram_block1a11~portb_datain_reg10,emu c2,emu c2
baseline,25,worst,,,7_slow_1100mv_-40c,hold,0.049,ascal:ascal|o_poly_phase_b.t3[2],ascal:ascal|o_poly_phase_b2.t3[2],pll_hdmi|pll_hdmi_inst|altera_pll_i|cyclonev_pll|counter[0].output_counter|divclk,pll_hdmi|pll_hdmi_inst|altera_pll_i|cyclonev_pll|counter[0].output_counter|divclk
baseline,25,worst,,,7_slow_1100mv_-40c,hold,0.068,ascal:ascal|o_poly_phase_b.t3[5],ascal:ascal|o_poly_phase_b2.t3[5],pll_hdmi|pll_hdmi_inst|altera_pll_i|cyclonev_pll|counter[0].output_counter|divclk,pll_hdmi|pll_hdmi_inst|altera_pll_i|cyclonev_pll|counter[0].output_counter|divclk
baseline,25,worst,,,MIN_fast_1100mv_-40c,hold,0.08,pll_hdmi_adj:pll_hdmi_adj|i_delay[13],pll_hdmi_adj:pll_hdmi_adj|i_delay[13],emu c1,emu c1
baseline,25,worst,,,MIN_fast_1100mv_-40c,hold,0.093,ascal:ascal|o_poly_phase_a.t3[2],ascal:ascal|o_poly_phase_a2.t3[2],pll_hdmi|pll_hdmi_inst|altera_pll_i|cyclonev_pll|counter[0].output_counter|divclk,pll_hdmi|pll_hdmi_inst|altera_pll_i|cyclonev_pll|counter[0].output_counter|divclk
baseline,26,worst,,,7_slow_1100mv_-40c,hold,0.094,ascal:ascal|o_vpixq_pre[2].b[0],ascal:ascal|o_vpixq[2].b[0],pll_hdmi|pll_hdmi_inst|altera_pll_i|cyclonev_pll|counter[0].output_counter|divclk,pll_hdmi|pll_hdmi_inst|altera_pll_i|cyclonev_pll|counter[0].output_counter|divclk
baseline,26,worst,,,MIN_fast_1100mv_-40c,hold,0.08,pll_hdmi_adj:pll_hdmi_adj|i_delay[13],pll_hdmi_adj:pll_hdmi_adj|i_delay[13],emu c1,emu c1
baseline,26,worst,,,MIN_fast_1100mv_-40c,hold,0.089,ascal:ascal|o_hpixq[7][1].r[6],ascal:ascal|o_hpixq[8][1].r[6],pll_hdmi|pll_hdmi_inst|altera_pll_i|cyclonev_pll|counter[0].output_counter|divclk,pll_hdmi|pll_hdmi_inst|altera_pll_i|cyclonev_pll|counter[0].output_counter|divclk
baseline,26,worst,,,MIN_fast_1100mv_-40c,hold,0.091,ascal:ascal|o_poly_lum1[3],ascal:ascal|o_poly_lerp_tb[3]~_Duplicate_2,pll_hdmi|pll_hdmi_inst|altera_pll_i|cyclonev_pll|counter[0].output_counter|divclk,pll_hdmi|pll_hdmi_inst|altera_pll_i|cyclonev_pll|counter[0].output_counter|divclk
baseline,26,worst,,,MIN_fast_1100mv_-40c,hold,0.097,ascal:ascal|o_hpixq[7][1].r[2],ascal:ascal|o_hpixq[8][1].r[2],pll_hdmi|pll_hdmi_inst|altera_pll_i|cyclonev_pll|counter[0].output_counter|divclk,pll_hdmi|pll_hdmi_inst|altera_pll_i|cyclonev_pll|counter[0].output_counter|divclk
baseline,27,worst,,,MIN_fast_1100mv_-40c,hold,0.098,emu:emu|hps_io:hps_io|sd_buff_dout[13],emu:emu|dpram_dif:bsram|altsyncram:altsyncram_component|altsyncram_cj34:auto_generated|ram_block1a133~portb_datain_reg1,emu c2,emu c2
baseline,28,worst,,,7_slow_1100mv_-40c,hold,0.044,ascal:ascal|o_poly_phase_b.t2[5],ascal:ascal|o_poly_phase_b2.t2[5],pll_hdmi|pll_hdmi_inst|altera_pll_i|cyclonev_pll|counter[0].output_counter|divclk,pll_hdmi|pll_hdmi_inst|altera_pll_i|cyclonev_pll|counter[0].output_counter|divclk
baseline,28,worst,,,7_slow_1100mv_-40c,hold,0.055,ascal:ascal|o_poly_phase_b.t2[0],ascal:ascal|o_poly_phase_b2.t2[0],pll_hdmi|pll_hdmi_inst|altera_pll_i|cyclonev_pll|counter[0].output_counter|divclk,pll_hdmi|pll_hdmi_inst|altera_pll_i|cyclonev_pll|counter[0].output_counter|divclk
baseline,28,worst,,,7_slow_1100mv_-40c,hold,0.08,ascal:ascal|o_poly_phase_b.t2[7],ascal:ascal|o_poly_phase_b2.t2[7],pll_hdmi|pll_hdmi_inst|altera_pll_i|cyclonev_pll|counter[0].output_counter|divclk,pll_hdmi|pll_hdmi_inst|altera_pll_i|cyclonev_pll|counter[0].output_counter|divclk
baseline,28,worst,,,7_slow_1100mv_-40c,hold,0.087,ascal:ascal|o_poly_phase_b.t2[8],ascal:ascal|o_poly_phase_b2.t2[8],pll_hdmi|pll_hdmi_inst|altera_pll_i|cyclonev_pll|counter[0].output_counter|divclk,pll_hdmi|pll_hdmi_inst|altera_pll_i|cyclonev_pll|counter[0].output_counter|divclk
baseline,29,worst,,,7_slow_1100mv_100c,hold,0.033,emu:emu|main:main|savestates:ss|ss_ddr_addr[6],emu:emu|ddram:ddram|cache_addr[6],emu c2,emu c0
baseline,29,worst,,,MIN_fast_1100mv_100c,hold,0.005,emu:emu|main:main|savestates:ss|ss_ddr_addr[6],emu:emu|ddram:ddram|cache_addr[6],emu c2,emu c0
baseline,29,worst,,,MIN_fast_1100mv_100c,hold,0.098,pll_hdmi_adj:pll_hdmi_adj|i_delay[13],pll_hdmi_adj:pll_hdmi_adj|i_delay[13],emu c1,emu c1
baseline,29,worst,,,MIN_fast_1100mv_-40c,hold,-0.02,emu:emu|main:main|savestates:ss|ss_ddr_addr[6],emu:emu|ddram:ddram|cache_addr[6],emu c2,emu c0
baseline,29,worst,,,MIN_fast_1100mv_-40c,hold,0.078,pll_hdmi_adj:pll_hdmi_adj|i_delay[13],pll_hdmi_adj:pll_hdmi_adj|i_delay[13],emu c1,emu c1
baseline,30,worst,,,7_slow_1100mv_-40c,hold,0.065,ascal:ascal|o_poly_phase_b.t3[2],ascal:ascal|o_poly_phase_b2.t3[2],pll_hdmi|pll_hdmi_inst|altera_pll_i|cyclonev_pll|counter[0].output_counter|divclk,pll_hdmi|pll_hdmi_inst|altera_pll_i|cyclonev_pll|counter[0].output_counter|divclk
baseline,30,worst,,,7_slow_1100mv_-40c,hold,0.073,ascal:ascal|o_poly_phase_b.t3[8],ascal:ascal|o_poly_phase_b2.t3[8],pll_hdmi|pll_hdmi_inst|altera_pll_i|cyclonev_pll|counter[0].output_counter|divclk,pll_hdmi|pll_hdmi_inst|altera_pll_i|cyclonev_pll|counter[0].output_counter|divclk
baseline,30,worst,,,7_slow_1100mv_-40c,hold,0.081,ascal:ascal|o_poly_phase_b.t3[6],ascal:ascal|o_poly_phase_b2.t3[6],pll_hdmi|pll_hdmi_inst|altera_pll_i|cyclonev_pll|counter[0].output_counter|divclk,pll_hdmi|pll_hdmi_inst|altera_pll_i|cyclonev_pll|counter[0].output_counter|divclk
baseline,30,worst,,,7_slow_1100mv_-40c,hold,0.085,ascal:ascal|o_poly_phase_b.t2[2],ascal:ascal|o_poly_phase_b2.t2[2],pll_hdmi|pll_hdmi_inst|altera_pll_i|cyclonev_pll|counter[0].output_counter|divclk,pll_hdmi|pll_hdmi_inst|altera_pll_i|cyclonev_pll|counter[0].output_counter|divclk
baseline,30,worst,,,7_slow_1100mv_-40c,hold,0.086,ascal:ascal|o_poly_phase_b.t2[7],ascal:ascal|o_poly_phase_b2.t2[7],pll_hdmi|pll_hdmi_inst|altera_pll_i|cyclonev_pll|counter[0].output_counter|divclk,pll_hdmi|pll_hdmi_inst|altera_pll_i|cyclonev_pll|counter[0].output_counter|divclk
baseline,30,worst,,,MIN_fast_1100mv_-40c,hold,0.08,pll_hdmi_adj:pll_hdmi_adj|i_delay[13],pll_hdmi_adj:pll_hdmi_adj|i_delay[13],emu c1,emu c1
baseline,30,worst,,,MIN_fast_1100mv_-40c,hold,0.099,emu:emu|hps_io:hps_io|sd_buff_dout[5],emu:emu|dpram_dif:bsram|altsyncram:altsyncram_component|altsyncram_cj34:auto_generated|ram_block1a69~portb_datain_reg8,emu c2,emu c2
candidate,1,worst,,,7_slow_1100mv_-40c,hold,0.064,ascal:ascal|o_poly_phase_b.t2[0],ascal:ascal|o_poly_phase_b2.t2[0],pll_hdmi|pll_hdmi_inst|altera_pll_i|cyclonev_pll|counter[0].output_counter|divclk,pll_hdmi|pll_hdmi_inst|altera_pll_i|cyclonev_pll|counter[0].output_counter|divclk
candidate,1,worst,,,7_slow_1100mv_-40c,hold,0.073,ascal:ascal|o_poly_phase_b.t2[6],ascal:ascal|o_poly_phase_b2.t2[6],pll_hdmi|pll_hdmi_inst|altera_pll_i|cyclonev_pll|counter[0].output_counter|divclk,pll_hdmi|pll_hdmi_inst|altera_pll_i|cyclonev_pll|counter[0].output_counter|divclk
candidate,1,worst,,,7_slow_1100mv_-40c,hold,0.082,ascal:ascal|o_poly_phase_b.t2[4],ascal:ascal|o_poly_phase_b2.t2[4],pll_hdmi|pll_hdmi_inst|altera_pll_i|cyclonev_pll|counter[0].output_counter|divclk,pll_hdmi|pll_hdmi_inst|altera_pll_i|cyclonev_pll|counter[0].output_counter|divclk
candidate,1,worst,,,MIN_fast_1100mv_100c,hold,0.097,pll_hdmi_adj:pll_hdmi_adj|i_delay[13],pll_hdmi_adj:pll_hdmi_adj|i_delay[13],emu c1,emu c1
candidate,1,worst,,,MIN_fast_1100mv_-40c,hold,0.075,ascal:ascal|o_vpixq_pre[2].b[2],ascal:ascal|o_vpixq[2].b[2],pll_hdmi|pll_hdmi_inst|altera_pll_i|cyclonev_pll|counter[0].output_counter|divclk,pll_hdmi|pll_hdmi_inst|altera_pll_i|cyclonev_pll|counter[0].output_counter|divclk
candidate,1,worst,,,MIN_fast_1100mv_-40c,hold,0.077,pll_hdmi_adj:pll_hdmi_adj|i_delay[13],pll_hdmi_adj:pll_hdmi_adj|i_delay[13],emu c1,emu c1
candidate,1,worst,,,MIN_fast_1100mv_-40c,hold,0.095,ascal:ascal|o_vpixq_pre[2].g[6],ascal:ascal|o_vpixq[2].g[6],pll_hdmi|pll_hdmi_inst|altera_pll_i|cyclonev_pll|counter[0].output_counter|divclk,pll_hdmi|pll_hdmi_inst|altera_pll_i|cyclonev_pll|counter[0].output_counter|divclk
candidate,2,worst,,,7_slow_1100mv_100c,hold,-0.177,emu:emu|msu_data_store:msu_data_store|ram_address[26],emu:emu|ddram:ddram|cache_addr2[29],emu c2,emu c0
candidate,2,worst,,,7_slow_1100mv_-40c,hold,-0.068,emu:emu|msu_data_store:msu_data_store|ram_address[26],emu:emu|ddram:ddram|cache_addr2[29],emu c2,emu c0
candidate,2,worst,,,MIN_fast_1100mv_100c,hold,-0.084,emu:emu|msu_data_store:msu_data_store|ram_address[26],emu:emu|ddram:ddram|cache_addr2[29],emu c2,emu c0
candidate,2,worst,,,MIN_fast_1100mv_-40c,hold,-0.098,emu:emu|msu_data_store:msu_data_store|ram_address[26],emu:emu|ddram:ddram|cache_addr2[29],emu c2,emu c0
candidate,2,worst,,,MIN_fast_1100mv_-40c,hold,0.096,emu:emu|main:main|SNES:SNES|SPPU:PPU|CGRAM_ADDR_CLR[4]~DUPLICATE,emu:emu|main:main|SNES:SNES|SPPU:PPU|dpram:CGRAM|dpram_dif:ram|altsyncram:altsyncram_component|altsyncram_h834:auto_generated|ram_block1a0~portb_datain_reg12,emu c2,emu c2
candidate,2,worst,,,MIN_fast_1100mv_-40c,hold,0.097,emu:emu|main:main|SNES:SNES|SPPU:PPU|CGRAM_ADDR_CLR[4]~DUPLICATE,emu:emu|main:main|SNES:SNES|SPPU:PPU|dpram:CGRAM|dpram_dif:ram|altsyncram:altsyncram_component|altsyncram_h834:auto_generated|ram_block1a0~portb_datain_reg4,emu c2,emu c2
candidate,3,worst,,,MIN_fast_1100mv_-40c,hold,0.075,emu:emu|hps_io:hps_io|sd_buff_dout[1],emu:emu|dpram_dif:bsram|altsyncram:altsyncram_component|altsyncram_cj34:auto_generated|ram_block1a217~portb_datain_reg8,emu c2,emu c2
candidate,3,worst,,,MIN_fast_1100mv_-40c,hold,0.078,emu:emu|hps_io:hps_io|sd_buff_dout[1],emu:emu|dpram_dif:bsram|altsyncram:altsyncram_component|altsyncram_cj34:auto_generated|ram_block1a217~portb_datain_reg2,emu c2,emu c2
candidate,3,worst,,,MIN_fast_1100mv_-40c,hold,0.084,emu:emu|hps_io:hps_io|sd_buff_dout[1],emu:emu|dpram_dif:bsram|altsyncram:altsyncram_component|altsyncram_cj34:auto_generated|ram_block1a217~portb_datain_reg10,emu c2,emu c2
candidate,3,worst,,,MIN_fast_1100mv_-40c,hold,0.087,emu:emu|hps_io:hps_io|sd_buff_dout[1],emu:emu|dpram_dif:bsram|altsyncram:altsyncram_component|altsyncram_cj34:auto_generated|ram_block1a249~portb_datain_reg8,emu c2,emu c2
candidate,3,worst,,,MIN_fast_1100mv_-40c,hold,0.089,emu:emu|hps_io:hps_io|sd_buff_dout[14],emu:emu|dpram_dif:bsram|altsyncram:altsyncram_component|altsyncram_cj34:auto_generated|ram_block1a110~portb_datain_reg1,emu c2,emu c2
candidate,3,worst,,,MIN_fast_1100mv_-40c,hold,0.091,emu:emu|hps_io:hps_io|sd_buff_dout[1],emu:emu|dpram_dif:bsram|altsyncram:altsyncram_component|altsyncram_cj34:auto_generated|ram_block1a217~portb_datain_reg0,emu c2,emu c2
candidate,3,worst,,,MIN_fast_1100mv_-40c,hold,0.091,emu:emu|hps_io:hps_io|sd_buff_dout[1],emu:emu|dpram_dif:bsram|altsyncram:altsyncram_component|altsyncram_cj34:auto_generated|ram_block1a249~portb_datain_reg2,emu c2,emu c2
candidate,3,worst,,,MIN_fast_1100mv_-40c,hold,0.093,emu:emu|hps_io:hps_io|sd_buff_dout[14],emu:emu|dpram_dif:bsram|altsyncram:altsyncram_component|altsyncram_cj34:auto_generated|ram_block1a110~portb_datain_reg9,emu c2,emu c2
candidate,3,worst,,,MIN_fast_1100mv_-40c,hold,0.094,emu:emu|hps_io:hps_io|sd_buff_dout[1],emu:emu|dpram_dif:bsram|altsyncram:altsyncram_component|altsyncram_cj34:auto_generated|ram_block1a233~portb_datain_reg8,emu c2,emu c2
candidate,3,worst,,,MIN_fast_1100mv_-40c,hold,0.097,emu:emu|hps_io:hps_io|sd_buff_dout[1],emu:emu|dpram_dif:bsram|altsyncram:altsyncram_component|altsyncram_cj34:auto_generated|ram_block1a233~portb_datain_reg2,emu c2,emu c2
candidate,3,worst,,,MIN_fast_1100mv_-40c,hold,0.097,emu:emu|hps_io:hps_io|sd_buff_dout[1],emu:emu|dpram_dif:bsram|altsyncram:altsyncram_component|altsyncram_cj34:auto_generated|ram_block1a249~portb_datain_reg10,emu c2,emu c2
candidate,3,worst,,,MIN_fast_1100mv_-40c,hold,0.098,emu:emu|main:main|SNES:SNES|SPPU:PPU|CGRAM_ADDR_CLR[5],emu:emu|main:main|SNES:SNES|SPPU:PPU|dpram:CGRAM|dpram_dif:ram|altsyncram:altsyncram_component|altsyncram_h834:auto_generated|ram_block1a0~portb_datain_reg5,emu c2,emu c2
candidate,4,worst,,,MIN_fast_1100mv_-40c,hold,0.047,emu:emu|hps_io:hps_io|sd_buff_dout[6],emu:emu|dpram_dif:bsram|altsyncram:altsyncram_component|altsyncram_cj34:auto_generated|ram_block1a206~portb_datain_reg8,emu c2,emu c2
candidate,4,worst,,,MIN_fast_1100mv_-40c,hold,0.05,emu:emu|hps_io:hps_io|sd_buff_dout[6],emu:emu|dpram_dif:bsram|altsyncram:altsyncram_component|altsyncram_cj34:auto_generated|ram_block1a206~portb_datain_reg2,emu c2,emu c2
candidate,4,worst,,,MIN_fast_1100mv_-40c,hold,0.056,emu:emu|hps_io:hps_io|sd_buff_dout[6],emu:emu|dpram_dif:bsram|altsyncram:altsyncram_component|altsyncram_cj34:auto_generated|ram_block1a206~portb_datain_reg10,emu c2,emu c2
candidate,4,worst,,,MIN_fast_1100mv_-40c,hold,0.062,emu:emu|hps_io:hps_io|sd_buff_dout[6],emu:emu|dpram_dif:bsram|altsyncram:altsyncram_component|altsyncram_cj34:auto_generated|ram_block1a134~portb_datain_reg8,emu c2,emu c2
candidate,4,worst,,,MIN_fast_1100mv_-40c,hold,0.063,emu:emu|hps_io:hps_io|sd_buff_dout[6],emu:emu|dpram_dif:bsram|altsyncram:altsyncram_component|altsyncram_cj34:auto_generated|ram_block1a206~portb_datain_reg0,emu c2,emu c2
candidate,4,worst,,,MIN_fast_1100mv_-40c,hold,0.065,emu:emu|hps_io:hps_io|sd_buff_dout[6],emu:emu|dpram_dif:bsram|altsyncram:altsyncram_component|altsyncram_cj34:auto_generated|ram_block1a134~portb_datain_reg2,emu c2,emu c2
candidate,4,worst,,,MIN_fast_1100mv_-40c,hold,0.071,emu:emu|hps_io:hps_io|sd_buff_dout[6],emu:emu|dpram_dif:bsram|altsyncram:altsyncram_component|altsyncram_cj34:auto_generated|ram_block1a134~portb_datain_reg10,emu c2,emu c2
candidate,4,worst,,,MIN_fast_1100mv_-40c,hold,0.075,emu:emu|hps_io:hps_io|sd_buff_dout[6],emu:emu|dpram_dif:bsram|altsyncram:altsyncram_component|altsyncram_cj34:auto_generated|ram_block1a206~portb_datain_reg6,emu c2,emu c2
candidate,4,worst,,,MIN_fast_1100mv_-40c,hold,0.076,emu:emu|hps_io:hps_io|sd_buff_dout[6],emu:emu|dpram_dif:bsram|altsyncram:altsyncram_component|altsyncram_cj34:auto_generated|ram_block1a206~portb_datain_reg14,emu c2,emu c2
candidate,4,worst,,,MIN_fast_1100mv_-40c,hold,0.078,emu:emu|hps_io:hps_io|sd_buff_dout[6],emu:emu|dpram_dif:bsram|altsyncram:altsyncram_component|altsyncram_cj34:auto_generated|ram_block1a134~portb_datain_reg0,emu c2,emu c2
candidate,4,worst,,,MIN_fast_1100mv_-40c,hold,0.079,emu:emu|hps_io:hps_io|sd_buff_dout[6],emu:emu|dpram_dif:bsram|altsyncram:altsyncram_component|altsyncram_cj34:auto_generated|ram_block1a206~portb_datain_reg12,emu c2,emu c2
candidate,4,worst,,,MIN_fast_1100mv_-40c,hold,0.079,emu:emu|hps_io:hps_io|sd_buff_dout[6],emu:emu|dpram_dif:bsram|altsyncram:altsyncram_component|altsyncram_cj34:auto_generated|ram_block1a206~portb_datain_reg4,emu c2,emu c2
candidate,4,worst,,,MIN_fast_1100mv_-40c,hold,0.084,ascal:ascal|o_vpixq_pre[1].g[7],ascal:ascal|o_vpixq[1].g[7],pll_hdmi|pll_hdmi_inst|altera_pll_i|cyclonev_pll|counter[0].output_counter|divclk,pll_hdmi|pll_hdmi_inst|altera_pll_i|cyclonev_pll|counter[0].output_counter|divclk
candidate,4,worst,,,MIN_fast_1100mv_-40c,hold,0.09,emu:emu|hps_io:hps_io|sd_buff_dout[6],emu:emu|dpram_dif:bsram|altsyncram:altsyncram_component|altsyncram_cj34:auto_generated|ram_block1a134~portb_datain_reg6,emu c2,emu c2
candidate,4,worst,,,MIN_fast_1100mv_-40c,hold,0.09,ascal:ascal|o_poly_lum1[2],ascal:ascal|o_poly_lerp_tb[2]~_Duplicate_1,pll_hdmi|pll_hdmi_inst|altera_pll_i|cyclonev_pll|counter[0].output_counter|divclk,pll_hdmi|pll_hdmi_inst|altera_pll_i|cyclonev_pll|counter[0].output_counter|divclk
candidate,4,worst,,,MIN_fast_1100mv_-40c,hold,0.092,emu:emu|hps_io:hps_io|sd_buff_dout[6],emu:emu|dpram_dif:bsram|altsyncram:altsyncram_component|altsyncram_cj34:auto_generated|ram_block1a134~portb_datain_reg14,emu c2,emu c2
candidate,4,worst,,,MIN_fast_1100mv_-40c,hold,0.094,emu:emu|hps_io:hps_io|sd_buff_dout[6],emu:emu|dpram_dif:bsram|altsyncram:altsyncram_component|altsyncram_cj34:auto_generated|ram_block1a134~portb_datain_reg12,emu c2,emu c2
candidate,4,worst,,,MIN_fast_1100mv_-40c,hold,0.094,emu:emu|hps_io:hps_io|sd_buff_dout[6],emu:emu|dpram_dif:bsram|altsyncram:altsyncram_component|altsyncram_cj34:auto_generated|ram_block1a134~portb_datain_reg4,emu c2,emu c2
candidate,4,worst,,,MIN_fast_1100mv_-40c,hold,0.095,emu:emu|main:main|SPC7110Map:SPC7110Map|SPC7110:SPC7110|DIVIDEND[17],emu:emu|main:main|SPC7110Map:SPC7110Map|SPC7110:SPC7110|SPC7110_SDIV:SDIV|lpm_divide:LPM_DIVIDE_component|lpm_divide_dbr:auto_generated|sign_div_unsign_pqh:divider|alt_u_div_ucg:divider|altshift_taps:DFFNumerator_rtl_2|shift_taps_qk21:auto_generated|altsyncram_0r91:altsyncram4|ram_block5a0~porta_datain_reg5,emu c2,emu c2
candidate,5,worst,,,7_slow_1100mv_-40c,hold,0.045,ascal:ascal|o_poly_phase_b.t2[0],ascal:ascal|o_poly_phase_b2.t2[0],pll_hdmi|pll_hdmi_inst|altera_pll_i|cyclonev_pll|counter[0].output_counter|divclk,pll_hdmi|pll_hdmi_inst|altera_pll_i|cyclonev_pll|counter[0].output_counter|divclk
candidate,5,worst,,,7_slow_1100mv_-40c,hold,0.086,ascal:ascal|o_poly_phase_b.t2[7],ascal:ascal|o_poly_phase_b2.t2[7],pll_hdmi|pll_hdmi_inst|altera_pll_i|cyclonev_pll|counter[0].output_counter|divclk,pll_hdmi|pll_hdmi_inst|altera_pll_i|cyclonev_pll|counter[0].output_counter|divclk
candidate,5,worst,,,7_slow_1100mv_-40c,hold,0.09,ascal:ascal|o_poly_phase_b.t2[4],ascal:ascal|o_poly_phase_b2.t2[4],pll_hdmi|pll_hdmi_inst|altera_pll_i|cyclonev_pll|counter[0].output_counter|divclk,pll_hdmi|pll_hdmi_inst|altera_pll_i|cyclonev_pll|counter[0].output_counter|divclk
candidate,5,worst,,,MIN_fast_1100mv_100c,hold,0.086,sld_hub:auto_hub|sld_jtag_hub:\jtag_hub_gen:sld_jtag_hub_inst|sld_shadow_jsm:shadow_jsm|state[7],sld_hub:auto_hub|sld_jtag_hub:\jtag_hub_gen:sld_jtag_hub_inst|sld_shadow_jsm:shadow_jsm|state[8],altera_reserved_tck,altera_reserved_tck
candidate,5,worst,,,MIN_fast_1100mv_-40c,hold,0.036,sld_hub:auto_hub|sld_jtag_hub:\jtag_hub_gen:sld_jtag_hub_inst|sld_shadow_jsm:shadow_jsm|state[7],sld_hub:auto_hub|sld_jtag_hub:\jtag_hub_gen:sld_jtag_hub_inst|sld_shadow_jsm:shadow_jsm|state[8],altera_reserved_tck,altera_reserved_tck
candidate,5,worst,,,MIN_fast_1100mv_-40c,hold,0.086,ascal:ascal|o_hpixq[7][0].r[3],ascal:ascal|o_hpixq[8][0].r[3],pll_hdmi|pll_hdmi_inst|altera_pll_i|cyclonev_pll|counter[0].output_counter|divclk,pll_hdmi|pll_hdmi_inst|altera_pll_i|cyclonev_pll|counter[0].output_counter|divclk
candidate,5,worst,,,MIN_fast_1100mv_-40c,hold,0.093,ascal:ascal|o_hpixq[7][1].r[0],ascal:ascal|o_hpixq[8][1].r[0],pll_hdmi|pll_hdmi_inst|altera_pll_i|cyclonev_pll|counter[0].output_counter|divclk,pll_hdmi|pll_hdmi_inst|altera_pll_i|cyclonev_pll|counter[0].output_counter|divclk
candidate,6,worst,,,7_slow_1100mv_100c,hold,-0.342,emu:emu|msu_data_store:msu_data_store|ram_address[25],emu:emu|ddram:ddram|cache_addr2[28],emu c2,emu c0
candidate,6,worst,,,7_slow_1100mv_-40c,hold,-0.223,emu:emu|msu_data_store:msu_data_store|ram_address[25],emu:emu|ddram:ddram|cache_addr2[28],emu c2,emu c0
candidate,6,worst,,,7_slow_1100mv_-40c,hold,0.054,ascal:ascal|o_poly_phase_b.t2[0],ascal:ascal|o_poly_phase_b2.t2[0],pll_hdmi|pll_hdmi_inst|altera_pll_i|cyclonev_pll|counter[0].output_counter|divclk,pll_hdmi|pll_hdmi_inst|altera_pll_i|cyclonev_pll|counter[0].output_counter|divclk
candidate,6,worst,,,MIN_fast_1100mv_100c,hold,-0.165,emu:emu|msu_data_store:msu_data_store|ram_address[25],emu:emu|ddram:ddram|cache_addr2[28],emu c2,emu c0
candidate,6,worst,,,MIN_fast_1100mv_-40c,hold,-0.165,emu:emu|msu_data_store:msu_data_store|ram_address[25],emu:emu|ddram:ddram|cache_addr2[28],emu c2,emu c0
candidate,7,worst,,,7_slow_1100mv_-40c,hold,0.097,ascal:ascal|o_poly_phase_b.t0[2],ascal:ascal|o_poly_phase_b2.t0[2],pll_hdmi|pll_hdmi_inst|altera_pll_i|cyclonev_pll|counter[0].output_counter|divclk,pll_hdmi|pll_hdmi_inst|altera_pll_i|cyclonev_pll|counter[0].output_counter|divclk
candidate,9,worst,,,7_slow_1100mv_-40c,hold,0.001,ascal:ascal|o_poly_phase_b.t0[1],ascal:ascal|o_poly_phase_b2.t0[1],pll_hdmi|pll_hdmi_inst|altera_pll_i|cyclonev_pll|counter[0].output_counter|divclk,pll_hdmi|pll_hdmi_inst|altera_pll_i|cyclonev_pll|counter[0].output_counter|divclk
candidate,9,worst,,,7_slow_1100mv_-40c,hold,0.038,ascal:ascal|o_poly_phase_b.t3[1],ascal:ascal|o_poly_phase_b2.t3[1],pll_hdmi|pll_hdmi_inst|altera_pll_i|cyclonev_pll|counter[0].output_counter|divclk,pll_hdmi|pll_hdmi_inst|altera_pll_i|cyclonev_pll|counter[0].output_counter|divclk
candidate,9,worst,,,7_slow_1100mv_-40c,hold,0.071,ascal:ascal|o_poly_phase_b.t3[9],ascal:ascal|o_poly_phase_b2.t3[9],pll_hdmi|pll_hdmi_inst|altera_pll_i|cyclonev_pll|counter[0].output_counter|divclk,pll_hdmi|pll_hdmi_inst|altera_pll_i|cyclonev_pll|counter[0].output_counter|divclk
candidate,9,worst,,,7_slow_1100mv_-40c,hold,0.073,ascal:ascal|o_poly_phase_b.t3[9],ascal:ascal|Add106~238,pll_hdmi|pll_hdmi_inst|altera_pll_i|cyclonev_pll|counter[0].output_counter|divclk,pll_hdmi|pll_hdmi_inst|altera_pll_i|cyclonev_pll|counter[0].output_counter|divclk
candidate,9,worst,,,7_slow_1100mv_-40c,hold,0.077,ascal:ascal|o_poly_phase_b.t3[4],ascal:ascal|o_poly_phase_b2.t3[4],pll_hdmi|pll_hdmi_inst|altera_pll_i|cyclonev_pll|counter[0].output_counter|divclk,pll_hdmi|pll_hdmi_inst|altera_pll_i|cyclonev_pll|counter[0].output_counter|divclk
candidate,9,worst,,,7_slow_1100mv_-40c,hold,0.084,ascal:ascal|o_poly_phase_b.t3[9],ascal:ascal|Add106~239,pll_hdmi|pll_hdmi_inst|altera_pll_i|cyclonev_pll|counter[0].output_counter|divclk,pll_hdmi|pll_hdmi_inst|altera_pll_i|cyclonev_pll|counter[0].output_counter|divclk
candidate,9,worst,,,7_slow_1100mv_-40c,hold,0.084,ascal:ascal|o_poly_phase_b.t3[9],ascal:ascal|Add106~241,pll_hdmi|pll_hdmi_inst|altera_pll_i|cyclonev_pll|counter[0].output_counter|divclk,pll_hdmi|pll_hdmi_inst|altera_pll_i|cyclonev_pll|counter[0].output_counter|divclk
candidate,9,worst,,,7_slow_1100mv_-40c,hold,0.084,ascal:ascal|o_poly_phase_b.t3[9],ascal:ascal|Add106~243,pll_hdmi|pll_hdmi_inst|altera_pll_i|cyclonev_pll|counter[0].output_counter|divclk,pll_hdmi|pll_hdmi_inst|altera_pll_i|cyclonev_pll|counter[0].output_counter|divclk
candidate,9,worst,,,MIN_fast_1100mv_-40c,hold,0.066,ascal:ascal|o_hpixq[7][3].b[7],ascal:ascal|o_hpixq[8][3].b[7],pll_hdmi|pll_hdmi_inst|altera_pll_i|cyclonev_pll|counter[0].output_counter|divclk,pll_hdmi|pll_hdmi_inst|altera_pll_i|cyclonev_pll|counter[0].output_counter|divclk
candidate,9,worst,,,MIN_fast_1100mv_-40c,hold,0.092,emu:emu|msu_data_store:msu_data_store|ram_address[10],emu:emu|ddram:ddram|cache_addr2[13],emu c2,emu c0
candidate,9,worst,,,MIN_fast_1100mv_-40c,hold,0.095,ascal:ascal|o_poly_phase_b.t0[1],ascal:ascal|o_poly_phase_b2.t0[1],pll_hdmi|pll_hdmi_inst|altera_pll_i|cyclonev_pll|counter[0].output_counter|divclk,pll_hdmi|pll_hdmi_inst|altera_pll_i|cyclonev_pll|counter[0].output_counter|divclk
candidate,9,worst,,,MIN_fast_1100mv_-40c,hold,0.097,ascal:ascal|o_hpixq[7][3].b[3],ascal:ascal|o_hpixq[8][3].b[3],pll_hdmi|pll_hdmi_inst|altera_pll_i|cyclonev_pll|counter[0].output_counter|divclk,pll_hdmi|pll_hdmi_inst|altera_pll_i|cyclonev_pll|counter[0].output_counter|divclk
candidate,9,worst,,,MIN_fast_1100mv_-40c,hold,0.097,ascal:ascal|o_hpixq[7][1].r[2],ascal:ascal|o_hpixq[8][1].r[2],pll_hdmi|pll_hdmi_inst|altera_pll_i|cyclonev_pll|counter[0].output_counter|divclk,pll_hdmi|pll_hdmi_inst|altera_pll_i|cyclonev_pll|counter[0].output_counter|divclk
candidate,9,worst,,,MIN_fast_1100mv_-40c,hold,0.098,ascal:ascal|o_hpixq[7][2].b[7],ascal:ascal|o_hpixq[8][2].b[7],pll_hdmi|pll_hdmi_inst|altera_pll_i|cyclonev_pll|counter[0].output_counter|divclk,pll_hdmi|pll_hdmi_inst|altera_pll_i|cyclonev_pll|counter[0].output_counter|divclk
candidate,10,worst,,,MIN_fast_1100mv_-40c,hold,0.094,emu:emu|hps_io:hps_io|sd_buff_dout[5],emu:emu|dpram_dif:bsram|altsyncram:altsyncram_component|altsyncram_cj34:auto_generated|ram_block1a13~portb_datain_reg8,emu c2,emu c2
candidate,10,worst,,,MIN_fast_1100mv_-40c,hold,0.095,ascal:ascal|o_poly_lum1[0],ascal:ascal|o_poly_lerp_tb[0]~_Duplicate_1,pll_hdmi|pll_hdmi_inst|altera_pll_i|cyclonev_pll|counter[0].output_counter|divclk,pll_hdmi|pll_hdmi_inst|altera_pll_i|cyclonev_pll|counter[0].output_counter|divclk
candidate,10,worst,,,MIN_fast_1100mv_-40c,hold,0.096,ascal:ascal|o_vpixq_pre[1].b[1],ascal:ascal|o_vpixq[1].b[1],pll_hdmi|pll_hdmi_inst|altera_pll_i|cyclonev_pll|counter[0].output_counter|divclk,pll_hdmi|pll_hdmi_inst|altera_pll_i|cyclonev_pll|counter[0].output_counter|divclk
candidate,10,worst,,,MIN_fast_1100mv_-40c,hold,0.097,emu:emu|hps_io:hps_io|sd_buff_dout[5],emu:emu|dpram_dif:bsram|altsyncram:altsyncram_component|altsyncram_cj34:auto_generated|ram_block1a13~portb_datain_reg2,emu c2,emu c2
candidate,11,worst,,,MIN_fast_1100mv_-40c,hold,0.095,ascal:ascal|o_hpixq[7][1].b[1],ascal:ascal|o_hpixq[8][1].b[1],pll_hdmi|pll_hdmi_inst|altera_pll_i|cyclonev_pll|counter[0].output_counter|divclk,pll_hdmi|pll_hdmi_inst|altera_pll_i|cyclonev_pll|counter[0].output_counter|divclk
candidate,12,worst,,,7_slow_1100mv_-40c,hold,0.056,ascal:ascal|o_poly_phase_b.t2[6],ascal:ascal|o_poly_phase_b2.t2[6],pll_hdmi|pll_hdmi_inst|altera_pll_i|cyclonev_pll|counter[0].output_counter|divclk,pll_hdmi|pll_hdmi_inst|altera_pll_i|cyclonev_pll|counter[0].output_counter|divclk
candidate,12,worst,,,7_slow_1100mv_-40c,hold,0.061,ascal:ascal|o_poly_phase_b.t2[2],ascal:ascal|o_poly_phase_b2.t2[2],pll_hdmi|pll_hdmi_inst|altera_pll_i|cyclonev_pll|counter[0].output_counter|divclk,pll_hdmi|pll_hdmi_inst|altera_pll_i|cyclonev_pll|counter[0].output_counter|divclk
candidate,12,worst,,,7_slow_1100mv_-40c,hold,0.091,ascal:ascal|o_poly_phase_b.t2[1],ascal:ascal|o_poly_phase_b2.t2[1],pll_hdmi|pll_hdmi_inst|altera_pll_i|cyclonev_pll|counter[0].output_counter|divclk,pll_hdmi|pll_hdmi_inst|altera_pll_i|cyclonev_pll|counter[0].output_counter|divclk
candidate,12,worst,,,7_slow_1100mv_-40c,hold,0.098,ascal:ascal|o_poly_phase_b.t2[8],ascal:ascal|o_poly_phase_b2.t2[8],pll_hdmi|pll_hdmi_inst|altera_pll_i|cyclonev_pll|counter[0].output_counter|divclk,pll_hdmi|pll_hdmi_inst|altera_pll_i|cyclonev_pll|counter[0].output_counter|divclk
candidate,12,worst,,,MIN_fast_1100mv_-40c,hold,0.096,emu:emu|hps_io:hps_io|sd_buff_dout[5],emu:emu|dpram_dif:bsram|altsyncram:altsyncram_component|altsyncram_cj34:auto_generated|ram_block1a117~portb_datain_reg8,emu c2,emu c2
candidate,12,worst,,,MIN_fast_1100mv_-40c,hold,0.099,emu:emu|hps_io:hps_io|sd_buff_dout[5],emu:emu|dpram_dif:bsram|altsyncram:altsyncram_component|altsyncram_cj34:auto_generated|ram_block1a117~portb_datain_reg2,emu c2,emu c2
candidate,16,worst,,,MIN_fast_1100mv_-40c,hold,0.085,ascal:ascal|poly_tdw[27],ascal:ascal|altsyncram:o_v_poly_mem_rtl_0|altsyncram_f9j1:auto_generated|ram_block1a0~porta_datain_reg27,emu c2,emu c2
candidate,16,worst,,,MIN_fast_1100mv_-40c,hold,0.095,emu:emu|hps_io:hps_io|sd_buff_dout[3],emu:emu|dpram_dif:bsram|altsyncram:altsyncram_component|altsyncram_cj34:auto_generated|ram_block1a235~portb_datain_reg8,emu c2,emu c2
candidate,16,worst,,,MIN_fast_1100mv_-40c,hold,0.099,emu:emu|hps_io:hps_io|sd_buff_dout[3],emu:emu|dpram_dif:bsram|altsyncram:altsyncram_component|altsyncram_cj34:auto_generated|ram_block1a235~portb_datain_reg2,emu c2,emu c2
candidate,17,worst,,,7_slow_1100mv_-40c,hold,0.016,emu:emu|sdram:sdram|state[3].RD~DUPLICATE,emu:emu|sdram:sdram|rbuf[15],emu c0,emu c0
candidate,17,worst,,,MIN_fast_1100mv_-40c,hold,-0.014,emu:emu|sdram:sdram|state[3].RD~DUPLICATE,emu:emu|sdram:sdram|rbuf[15],emu c0,emu c0
candidate,17,worst,,,MIN_fast_1100mv_-40c,hold,0.085,ascal:ascal|o_hpixq[7][0].r[3],ascal:ascal|o_hpixq[8][0].r[3],pll_hdmi|pll_hdmi_inst|altera_pll_i|cyclonev_pll|counter[0].output_counter|divclk,pll_hdmi|pll_hdmi_inst|altera_pll_i|cyclonev_pll|counter[0].output_counter|divclk
candidate,18,worst,,,7_slow_1100mv_100c,hold,-0.228,emu:emu|msu_data_store:msu_data_store|ram_address[26],emu:emu|ddram:ddram|cache_addr2[29],emu c2,emu c0
candidate,18,worst,,,7_slow_1100mv_-40c,hold,-0.116,emu:emu|msu_data_store:msu_data_store|ram_address[26],emu:emu|ddram:ddram|cache_addr2[29],emu c2,emu c0
candidate,18,worst,,,7_slow_1100mv_-40c,hold,0.063,ascal:ascal|o_poly_phase_b.t2[5],ascal:ascal|o_poly_phase_b2.t2[5],pll_hdmi|pll_hdmi_inst|altera_pll_i|cyclonev_pll|counter[0].output_counter|divclk,pll_hdmi|pll_hdmi_inst|altera_pll_i|cyclonev_pll|counter[0].output_counter|divclk
candidate,18,worst,,,7_slow_1100mv_-40c,hold,0.065,ascal:ascal|o_poly_phase_b.t3[3],ascal:ascal|o_poly_phase_b2.t3[3],pll_hdmi|pll_hdmi_inst|altera_pll_i|cyclonev_pll|counter[0].output_counter|divclk,pll_hdmi|pll_hdmi_inst|altera_pll_i|cyclonev_pll|counter[0].output_counter|divclk
candidate,18,worst,,,7_slow_1100mv_-40c,hold,0.068,ascal:ascal|o_poly_phase_b.t3[1],ascal:ascal|o_poly_phase_b2.t3[1],pll_hdmi|pll_hdmi_inst|altera_pll_i|cyclonev_pll|counter[0].output_counter|divclk,pll_hdmi|pll_hdmi_inst|altera_pll_i|cyclonev_pll|counter[0].output_counter|divclk
candidate,18,worst,,,7_slow_1100mv_-40c,hold,0.075,ascal:ascal|o_poly_phase_b.t3[4],ascal:ascal|o_poly_phase_b2.t3[4],pll_hdmi|pll_hdmi_inst|altera_pll_i|cyclonev_pll|counter[0].output_counter|divclk,pll_hdmi|pll_hdmi_inst|altera_pll_i|cyclonev_pll|counter[0].output_counter|divclk
candidate,18,worst,,,7_slow_1100mv_-40c,hold,0.079,ascal:ascal|o_poly_phase_b.t2[0],ascal:ascal|o_poly_phase_b2.t2[0],pll_hdmi|pll_hdmi_inst|altera_pll_i|cyclonev_pll|counter[0].output_counter|divclk,pll_hdmi|pll_hdmi_inst|altera_pll_i|cyclonev_pll|counter[0].output_counter|divclk
candidate,18,worst,,,7_slow_1100mv_-40c,hold,0.094,ascal:ascal|o_poly_phase_b.t3[9],ascal:ascal|o_poly_phase_b2.t3[9],pll_hdmi|pll_hdmi_inst|altera_pll_i|cyclonev_pll|counter[0].output_counter|divclk,pll_hdmi|pll_hdmi_inst|altera_pll_i|cyclonev_pll|counter[0].output_counter|divclk
candidate,18,worst,,,7_slow_1100mv_-40c,hold,0.095,ascal:ascal|o_poly_phase_b.t3[9],ascal:ascal|Add106~237,pll_hdmi|pll_hdmi_inst|altera_pll_i|cyclonev_pll|counter[0].output_counter|divclk,pll_hdmi|pll_hdmi_inst|altera_pll_i|cyclonev_pll|counter[0].output_counter|divclk
candidate,18,worst,,,7_slow_1100mv_-40c,hold,0.096,ascal:ascal|o_poly_phase_b.t3[9],ascal:ascal|Add106~238,pll_hdmi|pll_hdmi_inst|altera_pll_i|cyclonev_pll|counter[0].output_counter|divclk,pll_hdmi|pll_hdmi_inst|altera_pll_i|cyclonev_pll|counter[0].output_counter|divclk
candidate,18,worst,,,MIN_fast_1100mv_100c,hold,-0.107,emu:emu|msu_data_store:msu_data_store|ram_address[26],emu:emu|ddram:ddram|cache_addr2[29],emu c2,emu c0
candidate,18,worst,,,MIN_fast_1100mv_100c,hold,0.095,pll_hdmi_adj:pll_hdmi_adj|i_delay[13],pll_hdmi_adj:pll_hdmi_adj|i_delay[13],emu c1,emu c1
candidate,18,worst,,,MIN_fast_1100mv_-40c,hold,-0.123,emu:emu|msu_data_store:msu_data_store|ram_address[26],emu:emu|ddram:ddram|cache_addr2[29],emu c2,emu c0
candidate,18,worst,,,MIN_fast_1100mv_-40c,hold,0.076,pll_hdmi_adj:pll_hdmi_adj|i_delay[13],pll_hdmi_adj:pll_hdmi_adj|i_delay[13],emu c1,emu c1
candidate,19,worst,,,MIN_fast_1100mv_100c,hold,0.065,line_cnt[2]~DUPLICATE,sync_line[2],emu c1,emu c1
candidate,19,worst,,,MIN_fast_1100mv_100c,hold,0.086,line_cnt[11],sync_line[11],emu c1,emu c1
candidate,19,worst,,,MIN_fast_1100mv_-40c,hold,0.029,line_cnt[2]~DUPLICATE,sync_line[2],emu c1,emu c1
candidate,19,worst,,,MIN_fast_1100mv_-40c,hold,0.061,line_cnt[11],sync_line[11],emu c1,emu c1
candidate,19,worst,,,MIN_fast_1100mv_-40c,hold,0.069,ascal:ascal|o_hpixq[7][1].r[3],ascal:ascal|o_hpixq[8][1].r[3],pll_hdmi|pll_hdmi_inst|altera_pll_i|cyclonev_pll|counter[0].output_counter|divclk,pll_hdmi|pll_hdmi_inst|altera_pll_i|cyclonev_pll|counter[0].output_counter|divclk
candidate,19,worst,,,MIN_fast_1100mv_-40c,hold,0.081,pll_hdmi_adj:pll_hdmi_adj|i_delay[13],pll_hdmi_adj:pll_hdmi_adj|i_delay[13],emu c1,emu c1
candidate,19,worst,,,MIN_fast_1100mv_-40c,hold,0.096,line_cnt[4]~DUPLICATE,sync_line[4],emu c1,emu c1
candidate,19,worst,,,MIN_fast_1100mv_-40c,hold,0.099,ascal:ascal|o_vpixq_pre[2].r[4],ascal:ascal|o_vpixq[2].r[4],pll_hdmi|pll_hdmi_inst|altera_pll_i|cyclonev_pll|counter[0].output_counter|divclk,pll_hdmi|pll_hdmi_inst|altera_pll_i|cyclonev_pll|counter[0].output_counter|divclk
candidate,20,worst,,,7_slow_1100mv_100c,hold,-0.426,emu:emu|main:main|savestates:ss|ss_ddr_addr[3]~DUPLICATE,emu:emu|ddram:ddram|cache_addr[3],emu c2,emu c0
candidate,20,worst,,,7_slow_1100mv_100c,hold,0.053,emu:emu|msu_data_store:msu_data_store|ram_address[26],emu:emu|ddram:ddram|cache_addr2[29],emu c2,emu c0
candidate,20,worst,,,7_slow_1100mv_-40c,hold,-0.329,emu:emu|main:main|savestates:ss|ss_ddr_addr[3]~DUPLICATE,emu:emu|ddram:ddram|cache_addr[3],emu c2,emu c0
candidate,20,worst,,,MIN_fast_1100mv_100c,hold,-0.224,emu:emu|main:main|savestates:ss|ss_ddr_addr[3]~DUPLICATE,emu:emu|ddram:ddram|cache_addr[3],emu c2,emu c0
candidate,20,worst,,,MIN_fast_1100mv_100c,hold,0.007,emu:emu|msu_data_store:msu_data_store|ram_address[26],emu:emu|ddram:ddram|cache_addr2[29],emu c2,emu c0
candidate,20,worst,,,MIN_fast_1100mv_-40c,hold,-0.234,emu:emu|main:main|savestates:ss|ss_ddr_addr[3]~DUPLICATE,emu:emu|ddram:ddram|cache_addr[3],emu c2,emu c0
candidate,20,worst,,,MIN_fast_1100mv_-40c,hold,-0.034,emu:emu|msu_data_store:msu_data_store|ram_address[26],emu:emu|ddram:ddram|cache_addr2[29],emu c2,emu c0
candidate,20,worst,,,MIN_fast_1100mv_-40c,hold,0.08,emu:emu|hps_io:hps_io|sd_buff_dout[8],emu:emu|dpram_dif:bsram|altsyncram:altsyncram_component|altsyncram_cj34:auto_generated|ram_block1a160~portb_datain_reg1,emu c2,emu c2
candidate,20,worst,,,MIN_fast_1100mv_-40c,hold,0.081,pll_hdmi_adj:pll_hdmi_adj|i_delay[13],pll_hdmi_adj:pll_hdmi_adj|i_delay[13],emu c1,emu c1
candidate,20,worst,,,MIN_fast_1100mv_-40c,hold,0.082,ascal:ascal|o_hpixq[7][1].b[4],ascal:ascal|o_hpixq[8][1].b[4],pll_hdmi|pll_hdmi_inst|altera_pll_i|cyclonev_pll|counter[0].output_counter|divclk,pll_hdmi|pll_hdmi_inst|altera_pll_i|cyclonev_pll|counter[0].output_counter|divclk
candidate,20,worst,,,MIN_fast_1100mv_-40c,hold,0.084,emu:emu|hps_io:hps_io|sd_buff_dout[8],emu:emu|dpram_dif:bsram|altsyncram:altsyncram_component|altsyncram_cj34:auto_generated|ram_block1a160~portb_datain_reg9,emu c2,emu c2
candidate,20,worst,,,MIN_fast_1100mv_-40c,hold,0.085,ascal:ascal|o_hpixq[7][2].b[0],ascal:ascal|o_hpixq[8][2].b[0],pll_hdmi|pll_hdmi_inst|altera_pll_i|cyclonev_pll|counter[0].output_counter|divclk,pll_hdmi|pll_hdmi_inst|altera_pll_i|cyclonev_pll|counter[0].output_counter|divclk
candidate,20,worst,,,MIN_fast_1100mv_-40c,hold,0.093,emu:emu|hps_io:hps_io|sd_buff_dout[8],emu:emu|dpram_dif:bsram|altsyncram:altsyncram_component|altsyncram_cj34:auto_generated|ram_block1a160~portb_datain_reg11,emu c2,emu c2
candidate,20,worst,,,MIN_fast_1100mv_-40c,hold,0.093,emu:emu|hps_io:hps_io|sd_buff_dout[8],emu:emu|dpram_dif:bsram|altsyncram:altsyncram_component|altsyncram_cj34:auto_generated|ram_block1a160~portb_datain_reg3,emu c2,emu c2
candidate,20,worst,,,MIN_fast_1100mv_-40c,hold,0.094,emu:emu|hps_io:hps_io|sd_buff_dout[10],emu:emu|dpram_dif:bsram|altsyncram:altsyncram_component|altsyncram_cj34:auto_generated|ram_block1a202~portb_datain_reg1,emu c2,emu c2
candidate,20,worst,,,MIN_fast_1100mv_-40c,hold,0.096,ascal:ascal|o_poly_lum1[5],ascal:ascal|o_poly_lerp_tb[5],pll_hdmi|pll_hdmi_inst|altera_pll_i|cyclonev_pll|counter[0].output_counter|divclk,pll_hdmi|pll_hdmi_inst|altera_pll_i|cyclonev_pll|counter[0].output_counter|divclk
candidate,20,worst,,,MIN_fast_1100mv_-40c,hold,0.096,ascal:ascal|o_vpixq_pre[1].r[5],ascal:ascal|o_vpixq[1].r[5],pll_hdmi|pll_hdmi_inst|altera_pll_i|cyclonev_pll|counter[0].output_counter|divclk,pll_hdmi|pll_hdmi_inst|altera_pll_i|cyclonev_pll|counter[0].output_counter|divclk
candidate,20,worst,,,MIN_fast_1100mv_-40c,hold,0.098,emu:emu|hps_io:hps_io|sd_buff_dout[10],emu:emu|dpram_dif:bsram|altsyncram:altsyncram_component|altsyncram_cj34:auto_generated|ram_block1a202~portb_datain_reg9,emu c2,emu c2
candidate,22,worst,,,MIN_fast_1100mv_-40c,hold,0.092,emu:emu|hps_io:hps_io|sd_buff_dout[11],emu:emu|dpram_dif:bsram|altsyncram:altsyncram_component|altsyncram_cj34:auto_generated|ram_block1a251~portb_datain_reg1,emu c2,emu c2
candidate,22,worst,,,MIN_fast_1100mv_-40c,hold,0.096,emu:emu|hps_io:hps_io|sd_buff_dout[11],emu:emu|dpram_dif:bsram|altsyncram:altsyncram_component|altsyncram_cj34:auto_generated|ram_block1a251~portb_datain_reg9,emu c2,emu c2
candidate,23,worst,,,MIN_fast_1100mv_-40c,hold,0.083,emu:emu|hps_io:hps_io|sd_buff_dout[7],emu:emu|dpram_dif:bsram|altsyncram:altsyncram_component|altsyncram_cj34:auto_generated|ram_block1a63~portb_datain_reg8,emu c2,emu c2
candidate,23,worst,,,MIN_fast_1100mv_-40c,hold,0.087,emu:emu|hps_io:hps_io|sd_buff_dout[7],emu:emu|dpram_dif:bsram|altsyncram:altsyncram_component|altsyncram_cj34:auto_generated|ram_block1a63~portb_datain_reg2,emu c2,emu c2
candidate,23,worst,,,MIN_fast_1100mv_-40c,hold,0.093,emu:emu|hps_io:hps_io|sd_buff_dout[7],emu:emu|dpram_dif:bsram|altsyncram:altsyncram_component|altsyncram_cj34:auto_generated|ram_block1a63~portb_datain_reg10,emu c2,emu c2
candidate,23,worst,,,MIN_fast_1100mv_-40c,hold,0.099,emu:emu|hps_io:hps_io|sd_buff_dout[7],emu:emu|dpram_dif:bsram|altsyncram:altsyncram_component|altsyncram_cj34:auto_generated|ram_block1a63~portb_datain_reg0,emu c2,emu c2
candidate,24,worst,,,7_slow_1100mv_100c,hold,0.005,emu:emu|msu_data_store:msu_data_store|ram_address[22],emu:emu|ddram:ddram|cache_addr2[25],emu c2,emu c0
candidate,24,worst,,,7_slow_1100mv_-40c,hold,0.065,emu:emu|msu_data_store:msu_data_store|ram_address[22],emu:emu|ddram:ddram|cache_addr2[25],emu c2,emu c0
candidate,24,worst,,,MIN_fast_1100mv_100c,hold,0.04,emu:emu|msu_data_store:msu_data_store|ram_address[22],emu:emu|ddram:ddram|cache_addr2[25],emu c2,emu c0
candidate,24,worst,,,MIN_fast_1100mv_-40c,hold,0.01,emu:emu|msu_data_store:msu_data_store|ram_address[22],emu:emu|ddram:ddram|cache_addr2[25],emu c2,emu c0
candidate,24,worst,,,MIN_fast_1100mv_-40c,hold,0.086,emu:emu|main:main|CX4Map:CX4Map|CX4:CX4|spram:DATA_ROM|spram_sz:spram_sz|altsyncram:altsyncram_component|altsyncram_j654:auto_generated|sld_mod_ram_rom:mgl_prim2|ram_rom_data_reg[8],emu:emu|main:main|CX4Map:CX4Map|CX4:CX4|spram:DATA_ROM|spram_sz:spram_sz|altsyncram:altsyncram_component|altsyncram_j654:auto_generated|altsyncram_6p23:altsyncram1|ram_block3a7~portb_datain_reg1,altera_reserved_tck,altera_reserved_tck
candidate,24,worst,,,MIN_fast_1100mv_-40c,hold,0.089,emu:emu|main:main|CX4Map:CX4Map|CX4:CX4|spram:DATA_ROM|spram_sz:spram_sz|altsyncram:altsyncram_component|altsyncram_j654:auto_generated|sld_mod_ram_rom:mgl_prim2|ram_rom_data_reg[8],emu:emu|main:main|CX4Map:CX4Map|CX4:CX4|spram:DATA_ROM|spram_sz:spram_sz|altsyncram:altsyncram_component|altsyncram_j654:auto_generated|altsyncram_6p23:altsyncram1|ram_block3a7~PORT_B_DATA_IN_11,altera_reserved_tck,altera_reserved_tck
candidate,25,worst,,,7_slow_1100mv_100c,hold,-0.009,emu:emu|main:main|savestates:ss|ss_ddr_addr[6],emu:emu|ddram:ddram|cache_addr[6],emu c2,emu c0
candidate,25,worst,,,7_slow_1100mv_100c,hold,0.011,emu:emu|msu_data_store:msu_data_store|ram_address[25],emu:emu|ddram:ddram|cache_addr2[28],emu c2,emu c0
candidate,25,worst,,,7_slow_1100mv_-40c,hold,0.072,emu:emu|msu_data_store:msu_data_store|ram_address[25],emu:emu|ddram:ddram|cache_addr2[28],emu c2,emu c0
candidate,25,worst,,,7_slow_1100mv_-40c,hold,0.079,ascal:ascal|o_poly_phase_b.t3[5],ascal:ascal|o_poly_phase_b2.t3[5],pll_hdmi|pll_hdmi_inst|altera_pll_i|cyclonev_pll|counter[0].output_counter|divclk,pll_hdmi|pll_hdmi_inst|altera_pll_i|cyclonev_pll|counter[0].output_counter|divclk
candidate,25,worst,,,7_slow_1100mv_-40c,hold,0.081,emu:emu|main:main|savestates:ss|ss_ddr_addr[6],emu:emu|ddram:ddram|cache_addr[6],emu c2,emu c0
candidate,25,worst,,,7_slow_1100mv_-40c,hold,0.083,ascal:ascal|o_poly_phase_b.t3[3],ascal:ascal|o_poly_phase_b2.t3[3],pll_hdmi|pll_hdmi_inst|altera_pll_i|cyclonev_pll|counter[0].output_counter|divclk,pll_hdmi|pll_hdmi_inst|altera_pll_i|cyclonev_pll|counter[0].output_counter|divclk
candidate,25,worst,,,MIN_fast_1100mv_100c,hold,-0.029,emu:emu|main:main|savestates:ss|ss_ddr_addr[6],emu:emu|ddram:ddram|cache_addr[6],emu c2,emu c0
candidate,25,worst,,,MIN_fast_1100mv_100c,hold,0.002,emu:emu|msu_data_store:msu_data_store|ram_address[25],emu:emu|ddram:ddram|cache_addr2[28],emu c2,emu c0
candidate,25,worst,,,MIN_fast_1100mv_-40c,hold,-0.047,emu:emu|main:main|savestates:ss|ss_ddr_addr[6],emu:emu|ddram:ddram|cache_addr[6],emu c2,emu c0
candidate,25,worst,,,MIN_fast_1100mv_-40c,hold,-0.032,emu:emu|msu_data_store:msu_data_store|ram_address[25],emu:emu|ddram:ddram|cache_addr2[28],emu c2,emu c0
candidate,25,worst,,,MIN_fast_1100mv_-40c,hold,0.084,ascal:ascal|o_hpixq[7][3].r[4],ascal:ascal|o_hpixq[8][3].r[4],pll_hdmi|pll_hdmi_inst|altera_pll_i|cyclonev_pll|counter[0].output_counter|divclk,pll_hdmi|pll_hdmi_inst|altera_pll_i|cyclonev_pll|counter[0].output_counter|divclk
candidate,26,worst,,,MIN_fast_1100mv_100c,hold,0.099,pll_hdmi_adj:pll_hdmi_adj|i_delay[13],pll_hdmi_adj:pll_hdmi_adj|i_delay[13],emu c1,emu c1
candidate,26,worst,,,MIN_fast_1100mv_-40c,hold,0.08,pll_hdmi_adj:pll_hdmi_adj|i_delay[13],pll_hdmi_adj:pll_hdmi_adj|i_delay[13],emu c1,emu c1
candidate,26,worst,,,MIN_fast_1100mv_-40c,hold,0.083,pll_hdmi_adj:pll_hdmi_adj|i_delay[13],pll_hdmi_adj:pll_hdmi_adj|i_delay[13]~DUPLICATE,emu c1,emu c1
candidate,27,worst,,,7_slow_1100mv_-40c,hold,0.059,ascal:ascal|o_poly_phase_b.t2[5],ascal:ascal|o_poly_phase_b2.t2[5],pll_hdmi|pll_hdmi_inst|altera_pll_i|cyclonev_pll|counter[0].output_counter|divclk,pll_hdmi|pll_hdmi_inst|altera_pll_i|cyclonev_pll|counter[0].output_counter|divclk
candidate,27,worst,,,7_slow_1100mv_-40c,hold,0.065,ascal:ascal|o_poly_phase_b.t2[2],ascal:ascal|o_poly_phase_b2.t2[2],pll_hdmi|pll_hdmi_inst|altera_pll_i|cyclonev_pll|counter[0].output_counter|divclk,pll_hdmi|pll_hdmi_inst|altera_pll_i|cyclonev_pll|counter[0].output_counter|divclk
candidate,27,worst,,,7_slow_1100mv_-40c,hold,0.083,ascal:ascal|o_poly_phase_b.t2[1],ascal:ascal|o_poly_phase_b2.t2[1],pll_hdmi|pll_hdmi_inst|altera_pll_i|cyclonev_pll|counter[0].output_counter|divclk,pll_hdmi|pll_hdmi_inst|altera_pll_i|cyclonev_pll|counter[0].output_counter|divclk
candidate,27,worst,,,MIN_fast_1100mv_-40c,hold,0.092,emu:emu|hps_io:hps_io|sd_buff_dout[10],emu:emu|dpram_dif:bsram|altsyncram:altsyncram_component|altsyncram_cj34:auto_generated|ram_block1a90~portb_datain_reg1,emu c2,emu c2
candidate,27,worst,,,MIN_fast_1100mv_-40c,hold,0.096,emu:emu|hps_io:hps_io|sd_buff_dout[10],emu:emu|dpram_dif:bsram|altsyncram:altsyncram_component|altsyncram_cj34:auto_generated|ram_block1a90~portb_datain_reg9,emu c2,emu c2
candidate,28,worst,,,7_slow_1100mv_100c,hold,-0.118,emu:emu|msu_data_store:msu_data_store|ram_address[25],emu:emu|ddram:ddram|cache_addr2[28],emu c2,emu c0
candidate,28,worst,,,7_slow_1100mv_-40c,hold,-0.02,emu:emu|msu_data_store:msu_data_store|ram_address[25],emu:emu|ddram:ddram|cache_addr2[28],emu c2,emu c0
candidate,28,worst,,,7_slow_1100mv_-40c,hold,0.052,ascal:ascal|o_poly_phase_b.t2[0],ascal:ascal|o_poly_phase_b2.t2[0],pll_hdmi|pll_hdmi_inst|altera_pll_i|cyclonev_pll|counter[0].output_counter|divclk,pll_hdmi|pll_hdmi_inst|altera_pll_i|cyclonev_pll|counter[0].output_counter|divclk
candidate,28,worst,,,7_slow_1100mv_-40c,hold,0.083,ascal:ascal|o_poly_phase_b.t2[4],ascal:ascal|o_poly_phase_b2.t2[4],pll_hdmi|pll_hdmi_inst|altera_pll_i|cyclonev_pll|counter[0].output_counter|divclk,pll_hdmi|pll_hdmi_inst|altera_pll_i|cyclonev_pll|counter[0].output_counter|divclk
candidate,28,worst,,,7_slow_1100mv_-40c,hold,0.088,ascal:ascal|o_poly_phase_b.t0[7],ascal:ascal|o_poly_phase_b2.t0[7],pll_hdmi|pll_hdmi_inst|altera_pll_i|cyclonev_pll|counter[0].output_counter|divclk,pll_hdmi|pll_hdmi_inst|altera_pll_i|cyclonev_pll|counter[0].output_counter|divclk
candidate,28,worst,,,7_slow_1100mv_-40c,hold,0.09,ascal:ascal|o_poly_phase_b.t2[7],ascal:ascal|o_poly_phase_b2.t2[7],pll_hdmi|pll_hdmi_inst|altera_pll_i|cyclonev_pll|counter[0].output_counter|divclk,pll_hdmi|pll_hdmi_inst|altera_pll_i|cyclonev_pll|counter[0].output_counter|divclk
candidate,28,worst,,,MIN_fast_1100mv_100c,hold,-0.036,emu:emu|msu_data_store:msu_data_store|ram_address[25],emu:emu|ddram:ddram|cache_addr2[28],emu c2,emu c0
candidate,28,worst,,,MIN_fast_1100mv_-40c,hold,-0.073,emu:emu|msu_data_store:msu_data_store|ram_address[25],emu:emu|ddram:ddram|cache_addr2[28],emu c2,emu c0
candidate,28,worst,,,MIN_fast_1100mv_-40c,hold,0.08,pll_hdmi_adj:pll_hdmi_adj|i_delay[13],pll_hdmi_adj:pll_hdmi_adj|i_delay[13],emu c1,emu c1
candidate,28,worst,,,MIN_fast_1100mv_-40c,hold,0.09,emu:emu|lightgun:lightgun|vcnt[0],emu:emu|lightgun:lightgun|vtotal[0],emu c2,emu c2
candidate,28,worst,,,MIN_fast_1100mv_-40c,hold,0.091,emu:emu|main:main|SNES:SNES|SPPU:PPU|CGRAM_ADDR_CLR[5],emu:emu|main:main|SNES:SNES|SPPU:PPU|dpram:CGRAM|dpram_dif:ram|altsyncram:altsyncram_component|altsyncram_h834:auto_generated|ram_block1a0~portb_datain_reg13,emu c2,emu c2
candidate,28,worst,,,MIN_fast_1100mv_-40c,hold,0.092,ascal:ascal|o_hpixq[7][2].g[5],ascal:ascal|o_hpixq[8][2].g[5],pll_hdmi|pll_hdmi_inst|altera_pll_i|cyclonev_pll|counter[0].output_counter|divclk,pll_hdmi|pll_hdmi_inst|altera_pll_i|cyclonev_pll|counter[0].output_counter|divclk
candidate,29,worst,,,7_slow_1100mv_-40c,hold,0.068,ascal:ascal|o_poly_phase_b.t0[6],ascal:ascal|o_poly_phase_b2.t0[6],pll_hdmi|pll_hdmi_inst|altera_pll_i|cyclonev_pll|counter[0].output_counter|divclk,pll_hdmi|pll_hdmi_inst|altera_pll_i|cyclonev_pll|counter[0].output_counter|divclk
candidate,29,worst,,,7_slow_1100mv_-40c,hold,0.071,ascal:ascal|o_poly_phase_b.t0[1],ascal:ascal|o_poly_phase_b2.t0[1],pll_hdmi|pll_hdmi_inst|altera_pll_i|cyclonev_pll|counter[0].output_counter|divclk,pll_hdmi|pll_hdmi_inst|altera_pll_i|cyclonev_pll|counter[0].output_counter|divclk
candidate,29,worst,,,7_slow_1100mv_-40c,hold,0.087,ascal:ascal|o_hpixq[7][2].g[6],ascal:ascal|o_hpixq[8][2].g[6],pll_hdmi|pll_hdmi_inst|altera_pll_i|cyclonev_pll|counter[0].output_counter|divclk,pll_hdmi|pll_hdmi_inst|altera_pll_i|cyclonev_pll|counter[0].output_counter|divclk
candidate,29,worst,,,7_slow_1100mv_-40c,hold,0.098,ascal:ascal|o_hpixq[7][0].g[2],ascal:ascal|o_hpixq[8][0].g[2],pll_hdmi|pll_hdmi_inst|altera_pll_i|cyclonev_pll|counter[0].output_counter|divclk,pll_hdmi|pll_hdmi_inst|altera_pll_i|cyclonev_pll|counter[0].output_counter|divclk
candidate,29,worst,,,MIN_fast_1100mv_-40c,hold,0.075,ascal:ascal|o_vpixq_pre[0].b[2],ascal:ascal|o_vpixq[0].b[2],pll_hdmi|pll_hdmi_inst|altera_pll_i|cyclonev_pll|counter[0].output_counter|divclk,pll_hdmi|pll_hdmi_inst|altera_pll_i|cyclonev_pll|counter[0].output_counter|divclk
candidate,29,worst,,,MIN_fast_1100mv_-40c,hold,0.083,ascal:ascal|o_hpixq[7][0].g[2],ascal:ascal|o_hpixq[8][0].g[2],pll_hdmi|pll_hdmi_inst|altera_pll_i|cyclonev_pll|counter[0].output_counter|divclk,pll_hdmi|pll_hdmi_inst|altera_pll_i|cyclonev_pll|counter[0].output_counter|divclk
candidate,29,worst,,,MIN_fast_1100mv_-40c,hold,0.091,ascal:ascal|o_vpixq_pre[0].g[6],ascal:ascal|o_vpixq[0].g[6],pll_hdmi|pll_hdmi_inst|altera_pll_i|cyclonev_pll|counter[0].output_counter|divclk,pll_hdmi|pll_hdmi_inst|altera_pll_i|cyclonev_pll|counter[0].output_counter|divclk
candidate,29,worst,,,MIN_fast_1100mv_-40c,hold,0.091,ascal:ascal|o_hpixq[7][1].r[1],ascal:ascal|o_hpixq[8][1].r[1],pll_hdmi|pll_hdmi_inst|altera_pll_i|cyclonev_pll|counter[0].output_counter|divclk,pll_hdmi|pll_hdmi_inst|altera_pll_i|cyclonev_pll|counter[0].output_counter|divclk
candidate,29,worst,,,MIN_fast_1100mv_-40c,hold,0.096,ascal:ascal|o_vpixq_pre[0].b[4],ascal:ascal|o_vpixq[0].b[4],pll_hdmi|pll_hdmi_inst|altera_pll_i|cyclonev_pll|counter[0].output_counter|divclk,pll_hdmi|pll_hdmi_inst|altera_pll_i|cyclonev_pll|counter[0].output_counter|divclk
