core_frame	header_ctr	capture_ns	dup_reason	movie_frame	hash	width	height	segment	avi_frame
19	2	3856949470650	none	0	61605322	512	224	0	0
20	3	3856971011980	none	1	61605322	512	224	0	1
21	4	3856988383320	none	2	61605322	512	224	0	2
22	5	3857010418180	none	3	61605322	512	224	0	3
23	6	3857031902440	none	4	61605322	512	224	0	4
24	7	3857049248110	none	5	61605322	512	224	0	5
25	0	3857070688380	none	6	61605322	512	224	0	6
26	1	3857091950080	none	7	61605322	512	224	0	7
27	2	3857109280650	none	8	61605322	512	224	0	8
28	3	3857130845410	none	9	61605322	512	224	0	9
29	4	3857148265460	none	10	61605322	512	224	0	10
30	5	3857169756870	none	11	61605322	512	224	0	11
31	6	3857191042770	none	12	61605322	512	224	0	12
32	7	3857208273550	none	13	61605322	512	224	0	13
33	0	3857229768000	none	14	61605322	512	224	0	14
34	1	3857251035530	none	15	61605322	512	224	0	15
35	2	3857268512330	none	16	61605322	512	224	0	16
36	3	3857290083810	none	17	61605322	512	224	0	17
37	4	3857311606450	none	18	61605322	512	224	0	18
38	5	3857328871430	none	19	61605322	512	224	0	19
39	6	3857350360250	none	20	61605322	512	224	0	20
40	7	3857371714650	none	21	61605322	512	224	0	21
41	0	3857388914510	none	22	61605322	512	224	0	22
42	1	3857410340350	none	23	61605322	512	224	0	23
43	2	3857431716320	none	24	61605322	512	224	0	24
44	3	3857448942400	none	25	61605322	512	224	0	25
45	4	3857470355090	none	26	61605322	512	224	0	26
46	5	3857491729200	none	27	61605322	512	224	0	27
47	6	3857508957050	none	28	61605322	512	224	0	28
48	7	3857530420020	none	29	61605322	512	224	0	29
49	0	3857551942750	none	30	61605322	512	224	0	30
50	1	3857569188100	none	31	61605322	512	224	0	31
51	2	3857590846310	none	32	61605322	512	224	0	32
52	3	3857608274290	none	33	61605322	512	224	0	33
53	4	3857629788590	none	34	61605322	512	224	0	34
54	5	3857651117250	none	35	61605322	512	224	0	35
55	6	3857668337060	none	36	61605322	512	224	0	36
56	7	3857689792400	none	37	61605322	512	224	0	37
57	0	3857711043180	none	38	61605322	512	224	0	38
58	1	3857728270680	none	39	61605322	512	224	0	39
59	2	3857749777400	none	40	61605322	512	224	0	40
60	3	3857771046130	none	41	61605322	512	224	0	41
61	4	3857788303000	none	42	61605322	512	224	0	42
62	5	3857809793320	none	43	61605322	512	224	0	43
63	6	3857831068970	none	44	61605322	512	224	0	44
64	7	3857848414750	none	45	61605322	512	224	0	45
65	0	3857869785730	none	46	61605322	512	224	0	46
66	1	3857891035050	none	47	61605322	512	224	0	47
67	2	3857908288590	none	48	61605322	512	224	0	48
68	3	3857929774320	none	49	61605322	512	224	0	49
69	4	3857951032800	none	50	61605322	512	224	0	50
70	5	3857968276120	none	51	61605322	512	224	0	51
71	6	3857989779250	none	52	61605322	512	224	0	52
72	7	3858011077790	none	53	61605322	512	224	0	53
73	0	3858028287130	none	54	61605322	512	224	0	54
74	1	3858049904350	none	55	61605322	512	224	0	55
75	2	3858071438270	none	56	61605322	512	224	0	56
76	3	3858088915720	none	57	61605322	512	224	0	57
77	4	3858110206140	none	58	61605322	512	224	0	58
78	5	3858131626160	none	59	61605322	512	224	0	59
79	6	3858148941520	none	60	61605322	512	224	0	60
80	7	3858170344280	none	61	61605322	512	224	0	61
81	0	3858191707740	none	62	61605322	512	224	0	62
82	1	3858209122890	none	63	61605322	512	224	0	63
83	2	3858230497900	none	64	61605322	512	224	0	64
84	3	3858251965110	none	65	61605322	512	224	0	65
85	4	3858269284860	none	66	61605322	512	224	0	66
86	5	3858290662580	none	67	61605322	512	224	0	67
87	6	3858312010680	none	68	61605322	512	224	0	68
88	7	3858329441010	none	69	61605322	512	224	0	69
89	0	3858350880250	none	70	61605322	512	224	0	70
90	1	3858368363540	none	71	61605322	512	224	0	71
91	2	3858389758670	none	72	61605322	512	224	0	72
92	3	3858411013020	none	73	61605322	512	224	0	73
93	4	3858428255310	none	74	61605322	512	224	0	74
94	5	3858449754450	none	75	61605322	512	224	0	75
95	6	3858471066860	none	76	61605322	512	224	0	76
96	7	3858488336320	none	77	61605322	512	224	0	77
97	0	3858509760720	none	78	61605322	512	224	0	78
98	1	3858531022500	none	79	61605322	512	224	0	79
99	2	3858548311410	none	80	61605322	512	224	0	80
100	3	3858569750410	none	81	61605322	512	224	0	81
101	4	3858591014480	none	82	61605322	512	224	0	82
102	5	3858608280640	none	83	61605322	512	224	0	83
103	6	3858629751300	none	84	61605322	512	224	0	84
104	7	3858651007410	none	85	61605322	512	224	0	85
105	0	3858668248550	none	86	61605322	512	224	0	86
106	1	3858689738080	none	87	61605322	512	224	0	87
107	2	3858711143990	none	88	61605322	512	224	0	88
108	3	3858728723530	none	89	61605322	512	224	0	89
109	4	3858750371960	none	90	61605322	512	224	0	90
110	5	3858771842890	none	91	61605322	512	224	0	91
111	6	3858789169030	none	92	61605322	512	224	0	92
112	7	3858810560340	none	93	61605322	512	224	0	93
113	0	3858831959060	none	94	61605322	512	224	0	94
114	1	3858849474710	none	95	61605322	512	224	0	95
115	2	3858870850740	none	96	61605322	512	224	0	96
116	3	3858888285810	none	97	61605322	512	224	0	97
117	4	3858909744830	none	98	61605322	512	224	0	98
118	5	3858931001640	none	99	61605322	512	224	0	99
119	6	3858948269780	none	100	61605322	512	224	0	100
120	7	3858969754860	none	101	61605322	512	224	0	101
121	0	3858991057920	none	102	61605322	512	224	0	102
122	1	3859008275570	none	103	61605322	512	224	0	103
123	2	3859029740600	none	104	61605322	512	224	0	104
124	3	3859050977790	none	105	61605322	512	224	0	105
125	4	3859068263670	none	106	61605322	512	224	0	106
126	5	3859089735620	none	107	61605322	512	224	0	107
127	6	3859110986470	none	108	61605322	512	224	0	108
128	7	3859128256040	none	109	61605322	512	224	0	109
129	0	3859149776500	none	110	61605322	512	224	0	110
130	1	3859171073170	none	111	61605322	512	224	0	111
131	2	3859188302540	none	112	61605322	512	224	0	112
132	3	3859209744530	none	113	61605322	512	224	0	113
133	4	3859231047820	none	114	61605322	512	224	0	114
134	5	3859248311070	none	115	61605322	512	224	0	115
135	6	3859269742110	none	116	61605322	512	224	0	116
136	7	3859290990660	none	117	61605322	512	224	0	117
137	0	3859308334670	none	118	61605322	512	224	0	118
138	1	3859329821210	none	119	61605322	512	224	0	119
139	2	3859351123000	none	120	61605322	512	224	0	120
140	3	3859368669990	none	121	61605322	512	224	0	121
141	4	3859390080900	none	122	61605322	512	224	0	122
142	5	3859411552300	none	123	61605322	512	224	0	123
143	6	3859428891620	none	124	61605322	512	224	0	124
144	7	3859450366870	none	125	61605322	512	224	0	125
145	0	3859471702800	none	126	61605322	512	224	0	126
146	1	3859488904250	none	127	61605322	512	224	0	127
147	2	3859510300380	none	128	61605322	512	224	0	128
148	3	3859531714690	none	129	61605322	512	224	0	129
149	4	3859549045610	none	130	61605322	512	224	0	130
150	5	3859570425870	none	131	61605322	512	224	0	131
151	6	3859591871610	none	132	61605322	512	224	0	132
152	7	3859609217880	none	133	61605322	512	224	0	133
153	0	3859630633680	none	134	61605322	512	224	0	134
154	1	3859647980420	none	135	61605322	512	224	0	135
155	2	3859669424590	none	136	61605322	512	224	0	136
156	3	3859690846380	none	137	61605322	512	224	0	137
157	4	3859708256500	none	138	61605322	512	224	0	138
158	5	3859729746260	none	139	61605322	512	224	0	139
159	6	3859751033870	none	140	61605322	512	224	0	140
160	7	3859768360030	none	141	61605322	512	224	0	141
161	0	3859789720820	none	142	61605322	512	224	0	142
162	1	3859811075660	none	143	61605322	512	224	0	143
163	2	3859828332400	none	144	61605322	512	224	0	144
164	3	3859849733410	none	145	61605322	512	224	0	145
165	4	3859871028000	none	146	61605322	512	224	0	146
166	5	3859888331400	none	147	61605322	512	224	0	147
167	6	3859909733990	none	148	61605322	512	224	0	148
168	7	3859930999730	none	149	61605322	512	224	0	149
169	0	3859948295530	none	150	61605322	512	224	0	150
170	1	3859969729000	none	151	61605322	512	224	0	151
171	2	3859990992210	none	152	61605322	512	224	0	152
172	3	3860008359420	none	153	61605322	512	224	0	153
173	4	3860029722810	none	154	61605322	512	224	0	154
174	5	3860051086380	none	155	61605322	512	224	0	155
175	6	3860068466550	none	156	61605322	512	224	0	156
176	7	3860089779630	none	157	61605322	512	224	0	157
177	0	3860111051490	none	158	61605322	512	224	0	158
178	1	3860128532730	none	159	61605322	512	224	0	159
179	2	3860149857320	none	160	61605322	512	224	0	160
180	3	3860171143840	none	161	61605322	512	224	0	161
181	4	3860188744950	none	162	61605322	512	224	0	162
182	5	3860210122980	none	163	61605322	512	224	0	163
183	6	3860231609370	none	164	61605322	512	224	0	164
184	7	3860248932590	none	165	61605322	512	224	0	165
185	0	3860270342340	none	166	61605322	512	224	0	166
186	1	3860291743260	none	167	61605322	512	224	0	167
187	2	3860309132870	none	168	61605322	512	224	0	168
188	3	3860330529800	none	169	61605322	512	224	0	169
189	4	3860348190090	none	170	61605322	512	224	0	170
190	5	3860369718870	none	171	61605322	512	224	0	171
191	6	3860391031670	none	172	61605322	512	224	0	172
192	7	3860408507420	none	173	61605322	512	224	0	173
193	0	3860429814080	none	174	61605322	512	224	0	174
194	1	3860451077410	none	175	61605322	512	224	0	175
195	2	3860468528010	none	176	61605322	512	224	0	176
196	3	3860489827570	none	177	61605322	512	224	0	177
197	4	3860511398750	none	178	61605322	512	224	0	178
198	5	3860528754900	none	179	61605322	512	224	0	179
199	6	3860550280700	none	180	61605322	512	224	0	180
200	7	3860571744780	none	181	61605322	512	224	0	181
201	0	3860589135070	none	182	61605322	512	224	0	182
202	1	3860610442780	none	183	61605322	512	224	0	183
203	2	3860627798760	none	184	61605322	512	224	0	184
204	3	3860649249620	none	185	61605322	512	224	0	185
205	4	3860670643390	none	186	61605322	512	224	0	186
206	5	3860687906580	none	187	61605322	512	224	0	187
207	6	3860709374320	none	188	61605322	512	224	0	188
208	7	3860730912710	none	189	61605322	512	224	0	189
209	0	3860748227580	none	190	61605322	512	224	0	190
210	1	3860769714790	none	191	61605322	512	224	0	191
211	2	3860791114570	none	192	61605322	512	224	0	192
212	3	3860808745980	none	193	61605322	512	224	0	193
213	4	3860830145130	none	194	61605322	512	224	0	194
214	5	3860851705630	none	195	61605322	512	224	0	195
215	6	3860869026170	none	196	61605322	512	224	0	196
216	7	3860890428070	none	197	61605322	512	224	0	197
217	0	3860907815950	none	198	61605322	512	224	0	198
218	1	3860929310710	none	199	61605322	512	224	0	199
219	2	3860950850720	none	200	61605322	512	224	0	200
220	3	3860968244520	none	201	61605322	512	224	0	201
221	4	3860989697610	none	202	61605322	512	224	0	202
222	5	3861011000250	none	203	61605322	512	224	0	203
223	6	3861028220830	none	204	61605322	512	224	0	204
224	7	3861049696790	none	205	61605322	512	224	0	205
225	0	3861070974630	none	206	61605322	512	224	0	206
226	1	3861088235500	none	207	61605322	512	224	0	207
227	2	3861109702510	none	208	61605322	512	224	0	208
228	3	3861131055740	none	209	61605322	512	224	0	209
229	4	3861148514590	none	210	61605322	512	224	0	210
230	5	3861170012570	none	211	61605322	512	224	0	211
231	6	3861191507060	none	212	61605322	512	224	0	212
232	7	3861208835010	none	213	61605322	512	224	0	213
233	0	3861230306580	none	214	61605322	512	224	0	214
234	1	3861247752710	none	215	61605322	512	224	0	215
235	2	3861269354180	none	216	61605322	512	224	0	216
236	3	3861290837090	none	217	61605322	512	224	0	217
237	4	3861308317430	none	218	61605322	512	224	0	218
238	5	3861329767540	none	219	61605322	512	224	0	219
239	6	3861351067370	none	220	61605322	512	224	0	220
240	7	3861368467860	none	221	61605322	512	224	0	221
241	0	3861389813140	none	222	61605322	512	224	0	222
242	1	3861411086120	none	223	61605322	512	224	0	223
243	2	3861428746750	none	224	61605322	512	224	0	224
244	3	3861450178760	none	225	61605322	512	224	0	225
245	4	3861471566970	none	226	61605322	512	224	0	226
246	5	3861488887260	none	227	61605322	512	224	0	227
247	6	3861510309320	none	228	61605322	512	224	0	228
248	7	3861527625590	none	229	61605322	512	224	0	229
249	0	3861549051330	none	230	61605322	512	224	0	230
250	1	3861570459240	none	231	61605322	512	224	0	231
251	2	3861587833010	none	232	61605322	512	224	0	232
252	3	3861609364310	none	233	61605322	512	224	0	233
253	4	3861630839620	none	234	61605322	512	224	0	234
254	5	3861648233310	none	235	61605322	512	224	0	235
255	6	3861669777750	none	236	61605322	512	224	0	236
256	7	3861691224150	none	237	61605322	512	224	0	237
257	0	3861708660200	none	238	61605322	512	224	0	238
258	1	3861730056440	none	239	61605322	512	224	0	239
259	2	3861751365450	none	240	61605322	512	224	0	240
260	3	3861768798650	none	241	61605322	512	224	0	241
261	4	3861790312810	none	242	61605322	512	224	0	242
262	5	3861807635290	none	243	61605322	512	224	0	243
263	6	3861829055170	none	244	61605322	512	224	0	244
264	7	3861850454080	none	245	61605322	512	224	0	245
265	0	3861867831860	none	246	61605322	512	224	0	246
266	1	3861889338300	none	247	61605322	512	224	0	247
267	2	3861910761940	none	248	61605322	512	224	0	248
268	3	3861928200320	none	249	61605322	512	224	0	249
269	4	3861949833290	none	250	61605322	512	224	0	250
270	5	3861971115150	none	251	61605322	512	224	0	251
271	6	3861988598430	none	252	61605322	512	224	0	252
272	7	3862010039310	none	253	61605322	512	224	0	253
273	0	3862031324590	none	254	61605322	512	224	0	254
274	1	3862048743030	none	255	61605322	512	224	0	255
275	2	3862070246460	none	256	61605322	512	224	0	256
276	3	3862091540530	none	257	61605322	512	224	0	257
277	4	3862108846010	none	258	61605322	512	224	0	258
278	5	3862130278130	none	259	61605322	512	224	0	259
279	6	3862147634870	none	260	61605322	512	224	0	260
280	7	3862169085200	none	261	61605322	512	224	0	261
281	0	3862190466610	none	262	61605322	512	224	0	262
282	1	3862207842440	none	263	61605322	512	224	0	263
283	2	3862229376330	none	264	61605322	512	224	0	264
284	3	3862250823270	none	265	61605322	512	224	0	265
285	4	3862268206930	none	266	61605322	512	224	0	266
286	5	3862289692620	none	267	61605322	512	224	0	267
287	6	3862311061220	none	268	61605322	512	224	0	268
288	7	3862328315590	none	269	61605322	512	224	0	269
289	0	3862349694210	none	270	61605322	512	224	0	270
290	1	3862370979660	none	271	61605322	512	224	0	271
291	2	3862388221240	none	272	61605322	512	224	0	272
292	3	3862409689160	none	273	61605322	512	224	0	273
293	4	3862430985190	none	274	61605322	512	224	0	274
294	5	3862448256400	none	275	61605322	512	224	0	275
295	6	3862469792680	none	276	61605322	512	224	0	276
296	7	3862491162600	none	277	61605322	512	224	0	277
297	0	3862508417390	none	278	61605322	512	224	0	278
298	1	3862529755410	none	279	61605322	512	224	0	279
299	2	3862551037190	none	280	61605322	512	224	0	280
300	3	3862568319140	none	281	61605322	512	224	0	281
301	4	3862589708370	none	282	61605322	512	224	0	282
302	5	3862610968680	none	283	61605322	512	224	0	283
303	6	3862628168310	none	284	61605322	512	224	0	284
304	7	3862649693530	none	285	61605322	512	224	0	285
305	0	3862670977090	none	286	61605322	512	224	0	286
306	1	3862688225110	none	287	61605322	512	224	0	287
307	2	3862709690370	none	288	61605322	512	224	0	288
308	3	3862730978950	none	289	61605322	512	224	0	289
309	4	3862748261150	none	290	61605322	512	224	0	290
310	5	3862769782260	none	291	61605322	512	224	0	291
311	6	3862791039010	none	292	61605322	512	224	0	292
312	7	3862808286480	none	293	61605322	512	224	0	293
313	0	3862829682500	none	294	61605322	512	224	0	294
314	1	3862850935440	none	295	61605322	512	224	0	295
315	2	3862868170040	none	296	61605322	512	224	0	296
316	3	3862889693850	none	297	61605322	512	224	0	297
317	4	3862910975460	none	298	61605322	512	224	0	298
318	5	3862928304310	none	299	61605322	512	224	0	299
319	6	3862949694120	none	300	61605322	512	224	0	300
320	7	3862971060810	none	301	61605322	512	224	0	301
321	0	3862988398090	none	302	61605322	512	224	0	302
322	1	3863009713240	none	303	61605322	512	224	0	303
323	2	3863031024060	none	304	61605322	512	224	0	304
324	3	3863048355900	none	305	61605322	512	224	0	305
325	4	3863069715920	none	306	61605322	512	224	0	306
326	5	3863091005630	none	307	61605322	512	224	0	307
327	6	3863108243540	none	308	61605322	512	224	0	308
328	7	3863129678810	none	309	61605322	512	224	0	309
329	0	3863150962290	none	310	61605322	512	224	0	310
330	1	3863168210940	none	311	61605322	512	224	0	311
331	2	3863189671100	none	312	61605322	512	224	0	312
332	3	3863211021740	none	313	61605322	512	224	0	313
333	4	3863228264730	none	314	61605322	512	224	0	314
334	5	3863249718340	none	315	61605322	512	224	0	315
335	6	3863270972950	none	316	61605322	512	224	0	316
336	7	3863288253880	none	317	61605322	512	224	0	317
337	0	3863309679410	none	318	61605322	512	224	0	318
338	1	3863331064670	none	319	61605322	512	224	0	319
339	2	3863348354220	none	320	61605322	512	224	0	320
340	3	3863369765990	none	321	61605322	512	224	0	321
341	4	3863391044210	none	322	61605322	512	224	0	322
342	5	3863408305720	none	323	61605322	512	224	0	323
343	6	3863429770850	none	324	61605322	512	224	0	324
344	7	3863451136160	none	325	61605322	512	224	0	325
345	0	3863468401420	none	326	61605322	512	224	0	326
346	1	3863489814270	none	327	61605322	512	224	0	327
347	2	3863511098050	none	328	61605322	512	224	0	328
348	3	3863528368430	none	329	61605322	512	224	0	329
349	4	3863549691570	none	330	61605322	512	224	0	330
350	5	3863570966610	none	331	61605322	512	224	0	331
351	6	3863588286120	none	332	61605322	512	224	0	332
352	7	3863609705950	none	333	61605322	512	224	0	333
353	0	3863631003010	none	334	61605322	512	224	0	334
354	1	3863648270660	none	335	61605322	512	224	0	335
355	2	3863669679950	none	336	61605322	512	224	0	336
356	3	3863690961770	none	337	61605322	512	224	0	337
357	4	3863708209360	none	338	61605322	512	224	0	338
358	5	3863729673170	none	339	61605322	512	224	0	339
359	6	3863751028900	none	340	61605322	512	224	0	340
360	7	3863768788440	none	341	61605322	512	224	0	341
361	0	3863790294070	none	342	61605322	512	224	0	342
362	1	3863807953040	none	343	61605322	512	224	0	343
363	2	3863829345800	none	344	61605322	512	224	0	344
364	3	3863850774980	none	345	61605322	512	224	0	345
365	4	3863868217940	none	346	61605322	512	224	0	346
366	5	3863889659930	none	347	61605322	512	224	0	347
367	6	3863910957720	none	348	61605322	512	224	0	348
368	7	3863928198120	none	349	61605322	512	224	0	349
369	0	3863949560900	none	350	61605322	512	224	0	350
370	1	3863971036440	none	351	61605322	512	224	0	351
371	2	3863988300820	none	352	61605322	512	224	0	352
372	3	3864009658110	none	353	61605322	512	224	0	353
373	4	3864030956190	none	354	61605322	512	224	0	354
374	5	3864048259400	none	355	61605322	512	224	0	355
375	6	3864069678210	none	356	61605322	512	224	0	356
376	7	3864090976070	none	357	61605322	512	224	0	357
377	0	3864108402790	none	358	61605322	512	224	0	358
378	1	3864129730330	none	359	61605322	512	224	0	359
379	2	3864151005770	none	360	61605322	512	224	0	360
380	3	3864168696150	none	361	61605322	512	224	0	361
381	4	3864190251070	none	362	61605322	512	224	0	362
382	5	3864207547060	none	363	61605322	512	224	0	363
383	6	3864229001690	none	364	61605322	512	224	0	364
384	7	3864250415830	none	365	61605322	512	224	0	365
385	0	3864267829850	none	366	61605322	512	224	0	366
386	1	3864289346670	none	367	61605322	512	224	0	367
387	2	3864310628920	none	368	1407064d	512	224	0	368
388	3	3864328163920	none	369	d24aff1f	512	224	0	369
389	4	3864349708880	none	370	d24aff1f	512	224	0	370
390	5	3864370991740	none	371	d24aff1f	512	224	0	371
391	6	3864388460280	none	372	d24aff1f	512	224	0	372
392	7	3864409747890	none	373	d24aff1f	512	224	0	373
393	0	3864431021970	none	374	d24aff1f	512	224	0	374
394	1	3864448751050	none	375	d24aff1f	512	224	0	375
395	2	3864470249060	none	376	d24aff1f	512	224	0	376
396	3	3864487573670	none	377	d24aff1f	512	224	0	377
397	4	3864509011270	none	378	d24aff1f	512	224	0	378
398	5	3864530506740	none	379	d24aff1f	512	224	0	379
399	6	3864548169360	none	380	d24aff1f	512	224	0	380
400	7	3864569676390	none	381	d24aff1f	512	224	0	381
401	0	3864591210590	none	382	d24aff1f	512	224	0	382
402	1	3864608639910	none	383	d24aff1f	512	224	0	383
403	2	3864630016760	none	384	d24aff1f	512	224	0	384
404	3	3864647481150	none	385	d24aff1f	512	224	0	385
405	4	3864668931600	none	386	d24aff1f	512	224	0	386
406	5	3864690425780	none	387	d24aff1f	512	224	0	387
407	6	3864707792500	none	388	d24aff1f	512	224	0	388
408	7	3864729325410	none	389	d24aff1f	512	224	0	389
409	0	3864750767160	none	390	d24aff1f	512	224	0	390
410	1	3864768260160	none	391	d24aff1f	512	224	0	391
411	2	3864789676410	none	392	d24aff1f	512	224	0	392
412	3	3864807270230	none	393	d24aff1f	512	224	0	393
413	4	3864828606820	none	394	d24aff1f	512	224	0	394
414	5	3864850027010	none	395	d24aff1f	512	224	0	395
415	6	3864867469130	none	396	d24aff1f	512	224	0	396
416	7	3864888730370	none	397	d24aff1f	512	224	0	397
417	0	3864910190560	none	398	d24aff1f	512	224	0	398
418	1	3864927499900	none	399	d24aff1f	512	224	0	399
419	2	3864948785530	none	400	d24aff1f	512	224	0	400
420	3	3864970264060	none	401	d24aff1f	512	224	0	401
421	4	3864987588300	none	402	d24aff1f	512	224	0	402
422	5	3865009163240	none	403	d24aff1f	512	224	0	403
423	6	3865030521630	none	404	d24aff1f	512	224	0	404
424	7	3865047924340	none	405	d24aff1f	512	224	0	405
425	0	3865069416010	none	406	d24aff1f	512	224	0	406
426	1	3865091018020	none	407	d24aff1f	512	224	0	407
427	2	3865108402770	none	408	d24aff1f	512	224	0	408
428	3	3865129700030	none	409	d24aff1f	512	224	0	409
429	4	3865151023560	none	410	d24aff1f	512	224	0	410
430	5	3865168407510	none	411	d24aff1f	512	224	0	411
431	6	3865189723690	none	412	d24aff1f	512	224	0	412
432	7	3865211007930	none	413	d24aff1f	512	224	0	413
433	0	3865228370220	none	414	d24aff1f	512	224	0	414
434	1	3865249716750	none	415	d24aff1f	512	224	0	415
435	2	3865271008650	none	416	d24aff1f	512	224	0	416
436	3	3865288413600	none	417	d24aff1f	512	224	0	417
437	4	3865309742920	none	418	d24aff1f	512	224	0	418
438	5	3865331058810	none	419	d24aff1f	512	224	0	419
439	6	3865348602900	none	420	d24aff1f	512	224	0	420
440	7	3865370082000	none	421	d24aff1f	512	224	0	421
441	0	3865387425990	none	422	d24aff1f	512	224	0	422
442	1	3865408711790	none	423	d24aff1f	512	224	0	423
443	2	3865430202910	none	424	d24aff1f	512	224	0	424
444	3	3865447597930	none	425	d24aff1f	512	224	0	425
445	4	3865469173490	none	426	d24aff1f	512	224	0	426
446	5	3865490545650	none	427	d24aff1f	512	224	0	427
447	6	3865507821830	none	428	d24aff1f	512	224	0	428
448	7	3865529318350	none	429	d24aff1f	512	224	0	429
449	0	3865550785850	none	430	d24aff1f	512	224	0	430
450	1	3865568333720	none	431	d24aff1f	512	224	0	431
451	2	3865589746280	none	432	d24aff1f	512	224	0	432
452	3	3865611011590	none	433	d24aff1f	512	224	0	433
453	4	3865628390260	none	434	d24aff1f	512	224	0	434
454	5	3865649758770	none	435	d24aff1f	512	224	0	435
455	6	3865671048800	none	436	d24aff1f	512	224	0	436
456	7	3865688469900	none	437	d24aff1f	512	224	0	437
457	0	3865709772000	none	438	d24aff1f	512	224	0	438
458	1	3865731047550	none	439	d24aff1f	512	224	0	439
459	2	3865748447780	none	440	d24aff1f	512	224	0	440
460	3	3865769772240	none	441	d24aff1f	512	224	0	441
461	4	3865787012320	none	442	d24aff1f	512	224	0	442
462	5	3865808421820	none	443	d24aff1f	512	224	0	443
463	6	3865829764760	none	444	d24aff1f	512	224	0	444
464	7	3865847044560	none	445	d24aff1f	512	224	0	445
465	0	3865868486710	none	446	d24aff1f	512	224	0	446
466	1	3865889776050	none	447	d24aff1f	512	224	0	447
467	2	3865907015760	none	448	d24aff1f	512	224	0	448
468	3	3865928436860	none	449	d24aff1f	512	224	0	449
469	4	3865949802480	none	450	d24aff1f	512	224	0	450
470	5	3865967029190	none	451	d24aff1f	512	224	0	451
471	6	3865988474640	none	452	d24aff1f	512	224	0	452
472	7	3866009769880	none	453	d24aff1f	512	224	0	453
473	0	3866027004270	none	454	d24aff1f	512	224	0	454
474	1	3866048422860	none	455	d24aff1f	512	224	0	455
475	2	3866069789760	none	456	d24aff1f	512	224	0	456
476	3	3866087023800	none	457	d24aff1f	512	224	0	457
477	4	3866108435130	none	458	d24aff1f	512	224	0	458
478	5	3866129777330	none	459	d24aff1f	512	224	0	459
479	6	3866147007480	none	460	d24aff1f	512	224	0	460
480	7	3866168392900	none	461	d24aff1f	512	224	0	461
481	0	3866189681830	none	462	d24aff1f	512	224	0	462
482	1	3866210986580	none	463	d24aff1f	512	224	0	463
483	2	3866228344070	none	464	d24aff1f	512	224	0	464
484	3	3866249735120	none	465	d24aff1f	512	224	0	465
485	4	3866266983790	none	466	d24aff1f	512	224	0	466
486	5	3866288368540	none	467	d24aff1f	512	224	0	467
487	6	3866309683280	none	468	d24aff1f	512	224	0	468
488	7	3866326934450	none	469	d24aff1f	512	224	0	469
489	0	3866348374230	none	470	d24aff1f	512	224	0	470
490	1	3866369699730	none	471	d24aff1f	512	224	0	471
491	2	3866386944240	none	472	d24aff1f	512	224	0	472
492	3	3866408371960	none	473	d24aff1f	512	224	0	473
493	4	3866429699230	none	474	d24aff1f	512	224	0	474
494	5	3866450973920	none	475	d24aff1f	512	224	0	475
495	6	3866468245970	none	476	d24aff1f	512	224	0	476
496	7	3866489664140	none	477	d24aff1f	512	224	0	477
497	0	3866507022380	none	478	d24aff1f	512	224	0	478
498	1	3866528370700	none	479	d24aff1f	512	224	0	479
499	2	3866549709990	none	480	d24aff1f	512	224	0	480
500	3	3866566932320	none	481	d24aff1f	512	224	0	481
501	4	3866588376680	none	482	d24aff1f	512	224	0	482
502	5	3866609674170	none	483	d24aff1f	512	224	0	483
503	6	3866626978970	none	484	d24aff1f	512	224	0	484
504	7	3866648439140	none	485	d24aff1f	512	224	0	485
505	0	3866669807140	none	486	d24aff1f	512	224	0	486
506	1	3866687067250	none	487	d24aff1f	512	224	0	487
507	2	3866708415150	none	488	d24aff1f	512	224	0	488
508	3	3866729721320	none	489	d24aff1f	512	224	0	489
509	4	3866747009530	none	490	d24aff1f	512	224	0	490
510	5	3866768428970	none	491	d24aff1f	512	224	0	491
511	6	3866789740690	none	492	d24aff1f	512	224	0	492
512	7	3866807001950	none	493	d24aff1f	512	224	0	493
513	0	3866828420510	none	494	d24aff1f	512	224	0	494
514	1	3866849731360	none	495	d24aff1f	512	224	0	495
515	2	3866866970040	none	496	d24aff1f	512	224	0	496
516	3	3866888510740	none	497	d24aff1f	512	224	0	497
517	4	3866910072040	none	498	d24aff1f	512	224	0	498
518	5	3866927414410	none	499	d24aff1f	512	224	0	499
519	6	3866948822990	none	500	d24aff1f	512	224	0	500
520	7	3866970226720	none	501	d24aff1f	512	224	0	501
521	0	3866987560560	none	502	d24aff1f	512	224	0	502
522	1	3867008975420	none	503	d24aff1f	512	224	0	503
523	2	3867030351730	none	504	d24aff1f	512	224	0	504
524	3	3867047807700	none	505	d24aff1f	512	224	0	505
525	4	3867069298160	none	506	d24aff1f	512	224	0	506
526	5	3867090655250	none	507	d24aff1f	512	224	0	507
527	6	3867108114040	none	508	d24aff1f	512	224	0	508
528	7	3867129560270	none	509	d24aff1f	512	224	0	509
529	0	3867146921310	none	510	d24aff1f	512	224	0	510
530	1	3867168379600	none	511	d24aff1f	512	224	0	511
531	2	3867189680050	none	512	d24aff1f	512	224	0	512
532	3	3867206917720	none	513	d24aff1f	512	224	0	513
533	4	3867228498790	none	514	d24aff1f	512	224	0	514
534	5	3867249757730	none	515	d24aff1f	512	224	0	515
535	6	3867266996620	none	516	d24aff1f	512	224	0	516
536	7	3867288381390	none	517	d24aff1f	512	224	0	517
537	0	3867309690630	none	518	d24aff1f	512	224	0	518
538	1	3867326969930	none	519	d24aff1f	512	224	0	519
539	2	3867348370780	none	520	d24aff1f	512	224	0	520
540	3	3867369670900	none	521	d24aff1f	512	224	0	521
541	4	3867386914150	none	522	d24aff1f	512	224	0	522
542	5	3867408370720	none	523	d24aff1f	512	224	0	523
543	6	3867429793880	none	524	d24aff1f	512	224	0	524
544	7	3867447090500	none	525	d24aff1f	512	224	0	525
545	0	3867468475880	none	526	d24aff1f	512	224	0	526
546	1	3867489812860	none	527	d24aff1f	512	224	0	527
547	2	3867507249760	none	528	d24aff1f	512	224	0	528
548	3	3867528521870	none	529	d24aff1f	512	224	0	529
549	4	3867549871240	none	530	d24aff1f	512	224	0	530
550	5	3867567263830	none	531	d24aff1f	512	224	0	531
551	6	3867588526380	none	532	d24aff1f	512	224	0	532
552	7	3867609858730	none	533	d24aff1f	512	224	0	533
553	0	3867627264050	none	534	d24aff1f	512	224	0	534
554	1	3867648556000	none	535	d24aff1f	512	224	0	535
555	2	3867669909950	none	536	d24aff1f	512	224	0	536
556	3	3867687377630	none	537	d24aff1f	512	224	0	537
557	4	3867708716640	none	538	d24aff1f	512	224	0	538
558	5	3867730200500	none	539	d24aff1f	512	224	0	539
559	6	3867747515740	none	540	d24aff1f	512	224	0	540
560	7	3867768935940	none	541	d24aff1f	512	224	0	541
561	0	3867790343150	none	542	d24aff1f	512	224	0	542
562	1	3867807563440	none	543	d24aff1f	512	224	0	543
563	2	3867829051970	none	544	d24aff1f	512	224	0	544
564	3	3867850449650	none	545	d24aff1f	512	224	0	545
565	4	3867867781650	none	546	d24aff1f	512	224	0	546
566	5	3867889312010	none	547	d24aff1f	512	224	0	547
567	6	3867910700100	none	548	d24aff1f	512	224	0	548
568	7	3867928183490	none	549	d24aff1f	512	224	0	549
569	0	3867949672970	none	550	d24aff1f	512	224	0	550
570	1	3867966958480	none	551	d24aff1f	512	224	0	551
571	2	3867988306740	none	552	d24aff1f	512	224	0	552
572	3	3868009668140	none	553	d24aff1f	512	224	0	553
573	4	3868026956280	none	554	d24aff1f	512	224	0	554
574	5	3868048300330	none	555	d24aff1f	512	224	0	555
575	6	3868069725690	none	556	d24aff1f	512	224	0	556
576	7	3868086970800	none	557	d24aff1f	512	224	0	557
577	0	3868108343760	none	558	d24aff1f	512	224	0	558
578	1	3868129725710	none	559	d24aff1f	512	224	0	559
579	2	3868146975250	none	560	d24aff1f	512	224	0	560
580	3	3868168373440	none	561	d24aff1f	512	224	0	561
581	4	3868189723610	none	562	d24aff1f	512	224	0	562
582	5	3868206972100	none	563	d24aff1f	512	224	0	563
583	6	3868228312590	none	564	d24aff1f	512	224	0	564
584	7	3868249706740	none	565	d24aff1f	512	224	0	565
585	0	3868266967580	none	566	d24aff1f	512	224	0	566
586	1	3868288318470	none	567	d24aff1f	512	224	0	567
587	2	3868309689520	none	568	d24aff1f	512	224	0	568
588	3	3868326940520	none	569	d24aff1f	512	224	0	569
589	4	3868348299200	none	570	d24aff1f	512	224	0	570
590	5	3868369703990	none	571	d24aff1f	512	224	0	571
591	6	3868386952350	none	572	d24aff1f	512	224	0	572
592	7	3868408301890	none	573	d24aff1f	512	224	0	573
593	0	3868429664800	none	574	d24aff1f	512	224	0	574
594	1	3868447186060	none	575	d24aff1f	512	224	0	575
595	2	3868468731780	none	576	d24aff1f	512	224	0	576
596	3	3868490195270	none	577	d24aff1f	512	224	0	577
597	4	3868507575100	none	578	d24aff1f	512	224	0	578
598	5	3868528954770	none	579	d24aff1f	512	224	0	579
599	6	3868550429970	none	580	d24aff1f	512	224	0	580
600	7	3868567797130	none	581	d24aff1f	512	224	0	581
601	0	3868589330190	none	582	d24aff1f	512	224	0	582
602	1	3868606632250	none	583	d24aff1f	512	224	0	583
603	2	3868628104570	none	584	d24aff1f	512	224	0	584
604	3	3868649668740	none	585	d24aff1f	512	224	0	585
605	4	3868667196100	none	586	d24aff1f	512	224	0	586
606	5	3868688441800	none	587	d24aff1f	512	224	0	587
607	6	3868709767430	none	588	d24aff1f	512	224	0	588
608	7	3868727252540	none	589	d24aff1f	512	224	0	589
609	0	3868748520210	none	590	d24aff1f	512	224	0	590
610	1	3868769910070	none	591	d24aff1f	512	224	0	591
611	2	3868787392490	none	592	d24aff1f	512	224	0	592
612	3	3868808858420	none	593	d24aff1f	512	224	0	593
613	4	3868830521440	none	594	d24aff1f	512	224	0	594
614	5	3868848487820	none	595	d24aff1f	512	224	0	595
615	6	3868869741230	none	596	d24aff1f	512	224	0	596
616	7	3868887082420	none	597	d24aff1f	512	224	0	597
617	0	3868908373760	none	598	d24aff1f	512	224	0	598
618	1	3868929679190	none	599	d24aff1f	512	224	0	599
619	2	3868946951830	none	600	d24aff1f	512	224	0	600
620	3	3868968340320	none	601	d24aff1f	512	224	0	601
621	4	3868989676050	none	602	d24aff1f	512	224	0	602
622	5	3869006977740	none	603	d24aff1f	512	224	0	603
623	6	3869028343540	none	604	d24aff1f	512	224	0	604
624	7	3869049681330	none	605	d24aff1f	512	224	0	605
625	0	3869067078240	none	606	d24aff1f	512	224	0	606
626	1	3869088481760	none	607	d24aff1f	512	224	0	607
627	2	3869109749120	none	608	d24aff1f	512	224	0	608
628	3	3869127075620	none	609	d24aff1f	512	224	0	609
629	4	3869148350560	none	610	d24aff1f	512	224	0	610
630	5	3869169735630	none	611	d24aff1f	512	224	0	611
631	6	3869187125510	none	612	d24aff1f	512	224	0	612
632	7	3869208798230	none	613	d24aff1f	512	224	0	613
633	0	3869230374890	none	614	d24aff1f	512	224	0	614
634	1	3869248195120	none	615	d24aff1f	512	224	0	615
635	2	3869270351800	none	616	d24aff1f	512	224	0	616
636	3	3869288321450	none	617	d24aff1f	512	224	0	617
637	4	3869309993290	none	618	d24aff1f	512	224	0	618
638	5	3869327659150	none	619	d24aff1f	512	224	0	619
639	6	3869349434430	none	620	d24aff1f	512	224	0	620
640	7	3869367166340	none	621	d24aff1f	512	224	0	621
641	0	3869389171050	none	622	d24aff1f	512	224	0	622
642	1	3869406940120	none	623	d24aff1f	512	224	0	623
643	2	3869428614920	none	624	d24aff1f	512	224	0	624
644	3	3869450322910	none	625	d24aff1f	512	224	0	625
645	4	3869468201140	none	626	d24aff1f	512	224	0	626
646	5	3869490505160	none	627	d24aff1f	512	224	0	627
647	6	3869508245050	none	628	d24aff1f	512	224	0	628
648	7	3869529754480	none	629	d24aff1f	512	224	0	629
649	0	3869547070130	none	630	d24aff1f	512	224	0	630
650	1	3869568464100	none	631	d24aff1f	512	224	0	631
651	2	3869589752160	none	632	d24aff1f	512	224	0	632
652	3	3869607070680	none	633	d24aff1f	512	224	0	633
653	4	3869628469950	none	634	d24aff1f	512	224	0	634
654	5	3869649763990	none	635	d24aff1f	512	224	0	635
655	6	3869667084640	none	636	d24aff1f	512	224	0	636
656	7	3869688485120	none	637	d24aff1f	512	224	0	637
657	0	3869709875550	none	638	d24aff1f	512	224	0	638
658	1	3869727120700	none	639	d24aff1f	512	224	0	639
659	2	3869748508340	none	640	d24aff1f	512	224	0	640
660	3	3869769938800	none	641	d24aff1f	512	224	0	641
661	4	3869787199630	none	642	d24aff1f	512	224	0	642
662	5	3869808543840	none	643	d24aff1f	512	224	0	643
663	6	3869829973130	none	644	d24aff1f	512	224	0	644
664	7	3869847232140	none	645	d24aff1f	512	224	0	645
665	0	3869868776510	none	646	d24aff1f	512	224	0	646
666	1	3869890220250	none	647	d24aff1f	512	224	0	647
667	2	3869907471060	none	648	d24aff1f	512	224	0	648
668	3	3869928940530	none	649	d24aff1f	512	224	0	649
669	4	3869950339050	none	650	d24aff1f	512	224	0	650
670	5	3869967608630	none	651	d24aff1f	512	224	0	651
671	6	3869989024480	none	652	d24aff1f	512	224	0	652
672	7	3870010438010	none	653	d24aff1f	512	224	0	653
673	0	3870027746670	none	654	d24aff1f	512	224	0	654
674	1	3870049284900	none	655	d24aff1f	512	224	0	655
675	2	3870066611220	none	656	d24aff1f	512	224	0	656
676	3	3870088056200	none	657	d24aff1f	512	224	0	657
677	4	3870109403490	none	658	d24aff1f	512	224	0	658
678	5	3870126867690	none	659	d24aff1f	512	224	0	659
679	6	3870148211220	none	660	d24aff1f	512	224	0	660
680	7	3870169616590	none	661	d24aff1f	512	224	0	661
681	0	3870186875010	none	662	d24aff1f	512	224	0	662
682	1	3870208321700	none	663	d24aff1f	512	224	0	663
683	2	3870229623550	none	664	d24aff1f	512	224	0	664
684	3	3870246867550	none	665	d24aff1f	512	224	0	665
685	4	3870268464250	none	666	d24aff1f	512	224	0	666
686	5	3870289713470	none	667	d24aff1f	512	224	0	667
687	6	3870306943770	none	668	d24aff1f	512	224	0	668
688	7	3870328463510	none	669	d24aff1f	512	224	0	669
689	0	3870349743550	none	670	d24aff1f	512	224	0	670
690	1	3870367195680	none	671	d24aff1f	512	224	0	671
691	2	3870388478770	none	672	d24aff1f	512	224	0	672
692	3	3870409729250	none	673	d24aff1f	512	224	0	673
693	4	3870427256460	none	674	d24aff1f	512	224	0	674
694	5	3870448519380	none	675	d24aff1f	512	224	0	675
695	6	3870469908990	none	676	d24aff1f	512	224	0	676
696	7	3870487258160	none	677	d24aff1f	512	224	0	677
697	0	3870508546080	none	678	d24aff1f	512	224	0	678
698	1	3870529988360	none	679	d24aff1f	512	224	0	679
699	2	3870547371210	none	680	d24aff1f	512	224	0	680
700	3	3870568817520	none	681	d24aff1f	512	224	0	681
701	4	3870590220120	none	682	d24aff1f	512	224	0	682
702	5	3870607801270	none	683	d24aff1f	512	224	0	683
703	6	3870629255510	none	684	d24aff1f	512	224	0	684
704	7	3870646596240	none	685	d24aff1f	512	224	0	685
705	0	3870668103110	none	686	d24aff1f	512	224	0	686
706	1	3870689652360	none	687	d24aff1f	512	224	0	687
707	2	3870706909270	none	688	d24aff1f	512	224	0	688
708	3	3870728333740	none	689	d24aff1f	512	224	0	689
709	4	3870749666570	none	690	d24aff1f	512	224	0	690
710	5	3870766905200	none	691	d24aff1f	512	224	0	691
711	6	3870788304570	none	692	d24aff1f	512	224	0	692
712	7	3870809619380	none	693	d24aff1f	512	224	0	693
713	0	3870826940370	none	694	d24aff1f	512	224	0	694
714	1	3870848328510	none	695	d24aff1f	512	224	0	695
715	2	3870869638190	none	696	d24aff1f	512	224	0	696
716	3	3870886946790	none	697	d24aff1f	512	224	0	697
717	4	3870908330930	none	698	d24aff1f	512	224	0	698
718	5	3870929624580	none	699	d24aff1f	512	224	0	699
719	6	3870946920170	none	700	d24aff1f	512	224	0	700
720	7	3870968332010	none	701	d24aff1f	512	224	0	701
721	0	3870989628200	none	702	d24aff1f	512	224	0	702
722	1	3871006952660	none	703	d24aff1f	512	224	0	703
723	2	3871028316830	none	704	d24aff1f	512	224	0	704
724	3	3871049644670	none	705	d24aff1f	512	224	0	705
725	4	3871066929270	none	706	d24aff1f	512	224	0	706
726	5	3871088327850	none	707	d24aff1f	512	224	0	707
727	6	3871109619740	none	708	d24aff1f	512	224	0	708
728	7	3871126960350	none	709	d24aff1f	512	224	0	709
729	0	3871148340620	none	710	d24aff1f	512	224	0	710
730	1	3871169670540	none	711	d24aff1f	512	224	0	711
731	2	3871186903390	none	712	d24aff1f	512	224	0	712
732	3	3871208321040	none	713	d24aff1f	512	224	0	713
733	4	3871229619120	none	714	d24aff1f	512	224	0	714
734	5	3871246894290	none	715	d24aff1f	512	224	0	715
735	6	3871268307640	none	716	d24aff1f	512	224	0	716
736	7	3871289622660	none	717	d24aff1f	512	224	0	717
737	0	3871306886210	none	718	d24aff1f	512	224	0	718
738	1	3871328324530	none	719	d24aff1f	512	224	0	719
739	2	3871349623770	none	720	d24aff1f	512	224	0	720
740	3	3871366879130	none	721	d24aff1f	512	224	0	721
741	4	3871388327600	none	722	d24aff1f	512	224	0	722
742	5	3871409636020	none	723	d24aff1f	512	224	0	723
743	6	3871426938910	none	724	d24aff1f	512	224	0	724
744	7	3871448331990	none	725	d24aff1f	512	224	0	725
745	0	3871469643890	none	726	d24aff1f	512	224	0	726
746	1	3871486890780	none	727	d24aff1f	512	224	0	727
747	2	3871508313060	none	728	d24aff1f	512	224	0	728
748	3	3871529618470	none	729	d24aff1f	512	224	0	729
749	4	3871546930400	none	730	d24aff1f	512	224	0	730
750	5	3871568373580	none	731	d24aff1f	512	224	0	731
751	6	3871589675790	none	732	d24aff1f	512	224	0	732
752	7	3871606909970	none	733	d24aff1f	512	224	0	733
753	0	3871628314300	none	734	d24aff1f	512	224	0	734
754	1	3871649622950	none	735	d24aff1f	512	224	0	735
755	2	3871666900360	none	736	d24aff1f	512	224	0	736
756	3	3871688329300	none	737	d24aff1f	512	224	0	737
757	4	3871709624040	none	738	d24aff1f	512	224	0	738
758	5	3871726948730	none	739	d24aff1f	512	224	0	739
759	6	3871748352790	none	740	d24aff1f	512	224	0	740
760	7	3871769668610	none	741	d24aff1f	512	224	0	741
761	0	3871786908510	none	742	d24aff1f	512	224	0	742
762	1	3871808311700	none	743	d24aff1f	512	224	0	743
763	2	3871829643660	none	744	d24aff1f	512	224	0	744
764	3	3871846895190	none	745	d24aff1f	512	224	0	745
765	4	3871868330930	none	746	d24aff1f	512	224	0	746
766	5	3871889625000	none	747	d24aff1f	512	224	0	747
767	6	3871906899010	none	748	d24aff1f	512	224	0	748
768	7	3871928302540	none	749	d24aff1f	512	224	0	749
769	0	3871949642990	none	-1	d24aff1f	512	224	0	750
770	1	3871966904250	none	-1	d24aff1f	512	224	0	751
