001-hvdma	diff	16	(68, 107, 463, 107)
002-hvdma_max	diff	1776	(0, 2, 15, 222)
016-HblankEmuTest	diff	1514	(172, 50, 267, 162)
073-SPC700AND	diff	734	(82, 31, 461, 77)
077-SPC700ORA	diff	508	(130, 71, 461, 77)
083-speed_test_v51	diff	196	(12, 114, 477, 129)
173-test_hello	diff	1836	(10, 15, 89, 101)
174-test_noise	diff	48912	(0, 0, 511, 223)
176-ppubusact	diff	16246	(0, 8, 511, 223)
192-hdmaen_latch_test_2	diff	5632	(0, 8, 511, 192)
193-inidisp_brightness_delay	diff	84	(138, 7, 155, 215)
195-inidisp_enable_display_mid_frame	diff	10	(78, 88, 87, 88)
216-u-hdmaen_latch_test_2	diff	4608	(0, 36, 511, 192)
218-u-inidisp_brightness_delay	diff	84	(138, 7, 155, 215)
219-u-inidisp_enable_display_mid_frame	diff	10	(78, 88, 87, 88)
230-u-ipl-speed-test	diff	222	(48, 40, 333, 54)
231-u-auto-joy-timing-test	diff	164	(240, 104, 269, 126)
236-u-clear-autojoy-1st-vb-sl	diff	40	(274, 160, 285, 166)
242-u-joypad-latch-clear-during-autojoy	diff	40	(274, 112, 285, 118)
summary: {'diff': 19, 'same': 262} of 281
