rom	master loads	A loads	A+B loads	A vs master	A+B vs A
001-hvdma	1 distinct of 2	1	1	same	differs
002-hvdma_max	2 distinct of 2	2	1	noise (overlap)	differs (varies)
005-irq	1 distinct of 2	1	1	same	same
006-nmi	1 distinct of 2	1	1	same	same
009-test_hdmasync	1 distinct of 2	1	1	same	same
016-HblankEmuTest	1 distinct of 2	1	1	differs	differs
026-GSUDIV2	1 distinct of 2	1	1	same	same
056-CPUEOR	1 distinct of 2	1	1	same	same
065-CPUPSR	1 distinct of 2	1	1	same	same
072-SPC700ADC	1 distinct of 2	1	1	same	same
073-SPC700AND	1 distinct of 2	1	1	same	same
074-SPC700DEC	1 distinct of 2	1	1	same	same
075-SPC700EOR	1 distinct of 2	1	1	same	same
077-SPC700ORA	1 distinct of 2	1	1	same	same
080-op_timing_test_v2	1 distinct of 2	1	1	same	same
081-timing_test	1 distinct of 2	1	1	differs	same
082-test	1 distinct of 2	1	1	differs	same
083-speed_test_v51	2 distinct of 2	2	2	noise (overlap)	noise (overlap)
086-spc_dsp6	1 distinct of 2	1	1	same	same
087-spc_mem_access_times	1 distinct of 2	1	1	same	same
088-spc_smp	1 distinct of 2	1	1	same	same
090-cputest	1 distinct of 2	1	1	same	same
092-blargg_near_cd_quality	1 distinct of 2	1	1	same	same
093-blargg_near_cd_quality2	1 distinct of 2	1	1	same	same
105-timer_at_power_reset	1 distinct of 2	1	1	differs	same
106-1-test_exec_from_io	1 distinct of 2	1	1	same	same
107-2-test_single_instr	1 distinct of 2	1	1	same	same
112-irq	1 distinct of 2	1	1	same	same
114-nmi	1 distinct of 2	1	1	same	same
132-nmi	1 distinct of 2	1	1	same	same
140-test_adc_16	1 distinct of 2	1	1	same	same
142-test_sbc_16	1 distinct of 2	1	1	same	same
154-test_adc	1 distinct of 2	1	1	same	same
158-test_hdmasync	1 distinct of 2	1	1	same	same
162-test_math	1 distinct of 2	1	1	same	same
171-test_mul	1 distinct of 2	1	1	same	same
173-test_hello	2 distinct of 2	2	1	differs (varies)	differs (varies)
174-test_noise	2 distinct of 2	2	2	noise (overlap)	differs (varies)
176-ppubusact	2 distinct of 2	2	2	differs (varies)	noise (overlap)
177-smpspeed	1 distinct of 2	1	1	same	same
191-hdmaen_latch_test	1 distinct of 2	1	1	differs	same
192-hdmaen_latch_test_2	1 distinct of 2	1	1	differs	same
193-inidisp_brightness_delay	1 distinct of 2	1	1	differs	differs
195-inidisp_enable_display_mid_frame	1 distinct of 2	1	1	differs	differs
196-inidisp_forgot_to_force_blank	1 distinct of 2	1	1	same	same
208-scpu-a-dma-bug-ch0	1 distinct of 2	1	1	same	same
215-u-hdmaen_latch_test	1 distinct of 2	1	1	differs	same
216-u-hdmaen_latch_test_2	2 distinct of 2	2	2	differs (varies)	noise (overlap)
218-u-inidisp_brightness_delay	1 distinct of 2	1	1	differs	differs
219-u-inidisp_enable_display_mid_frame	1 distinct of 2	1	1	differs	differs
221-u-inidisp_forgot_to_force_blank_2	1 distinct of 2	1	1	same	same
230-u-ipl-speed-test	1 distinct of 2	1	1	same	same
231-u-auto-joy-timing-test	2 distinct of 2	2	1	differs (varies)	noise (overlap)
234-u-blip-autojoy-test	2 distinct of 2	1	1	differs (varies)	same
235-u-blip-autojoy-timing-test	2 distinct of 2	2	2	noise (overlap)	noise (overlap)
236-u-clear-autojoy-1st-vb-sl	2 distinct of 2	2	1	differs (varies)	noise (overlap)
238-u-clear-autojoy-during-autojoy	2 distinct of 2	1	2	differs (varies)	noise (overlap)
240-u-enable-autojoy-late-test-2	2 distinct of 2	1	1	noise (overlap)	same
241-u-enable-autojoy-late-test	2 distinct of 2	1	1	noise (overlap)	same
242-u-joypad-latch-clear-during-autojoy	2 distinct of 2	2	1	differs (varies)	noise (overlap)
243-u-joypad-latch-set-during-autojoy	2 distinct of 2	1	2	differs (varies)	noise (overlap)
244-u-joyser0-read-during-autojoy	2 distinct of 2	1	1	differs (varies)	same
250-u-quick-model1-dma-crash-7	1 distinct of 2	1	1	same	same
280-u-dma-ends-hdma-start-1-ch	2 distinct of 2	2	2	noise (overlap)	noise (overlap)
281-u-hdma-failure-last-dma-value-test	1 distinct of 2	1	1	same	same
