005-irq	diff	114688	(0, 0, 511, 223)
006-nmi	diff	114688	(0, 0, 511, 223)
009-test_hdmasync	diff	114688	(0, 0, 511, 223)
072-SPC700ADC	diff	744	(114, 31, 461, 77)
073-SPC700AND	diff	776	(114, 31, 461, 77)
074-SPC700DEC	diff	282	(50, 31, 413, 76)
075-SPC700EOR	diff	784	(114, 31, 461, 77)
076-SPC700INC	diff	278	(50, 31, 413, 76)
077-SPC700ORA	diff	812	(50, 31, 461, 77)
078-SPC700SBC	diff	756	(114, 31, 461, 77)
080-op_timing_test_v2	diff	12726	(34, 8, 493, 215)
083-speed_test_v51	diff	84	(12, 59, 21, 177)
086-spc_dsp6	diff	113098	(0, 0, 511, 223)
088-spc_smp	diff	113632	(0, 0, 511, 223)
106-1-test_exec_from_io	diff	802	(16, 192, 285, 214)
112-irq	diff	114688	(0, 0, 511, 223)
114-nmi	diff	114688	(0, 0, 511, 223)
116-test_hdmasync	diff	114688	(0, 0, 511, 223)
132-nmi	diff	114688	(0, 0, 511, 223)
139-test_adc	diff	1400	(16, 176, 267, 214)
141-test_sbc	diff	1394	(16, 176, 267, 214)
154-test_adc	diff	252	(16, 208, 107, 214)
155-test_sbc	diff	252	(16, 208, 107, 214)
158-test_hdmasync	diff	114688	(0, 0, 511, 223)
161-test_hdmasync	diff	114688	(0, 0, 511, 223)
167-test_hdmasync	diff	114688	(0, 0, 511, 223)
173-test_hello	diff	1372	(12, 15, 95, 101)
174-test_noise	diff	13900	(0, 0, 511, 223)
176-ppubusact	diff	24213	(0, 8, 511, 223)
177-smpspeed	diff	278	(292, 48, 379, 157)
216-u-hdmaen_latch_test_2	diff	512	(0, 40, 511, 40)
230-u-ipl-speed-test	diff	8448	(48, 40, 333, 206)
231-u-auto-joy-timing-test	diff	140	(240, 104, 269, 126)
234-u-blip-autojoy-test	diff	240	(274, 120, 285, 182)
235-u-blip-autojoy-timing-test	diff	40	(274, 128, 285, 134)
236-u-clear-autojoy-1st-vb-sl	diff	230	(256, 112, 285, 182)
238-u-clear-autojoy-during-autojoy	diff	104	(256, 104, 285, 150)
240-u-enable-autojoy-late-test-2	diff	32	(274, 123, 285, 134)
241-u-enable-autojoy-late-test	diff	32	(338, 107, 349, 142)
242-u-joypad-latch-clear-during-autojoy	diff	176	(274, 107, 285, 150)
243-u-joypad-latch-set-during-autojoy	diff	120	(274, 120, 285, 150)
244-u-joyser0-read-during-autojoy	diff	318	(274, 104, 285, 190)
280-u-dma-ends-hdma-start-1-ch	diff	128	(416, 80, 445, 118)
281-u-hdma-failure-last-dma-value-test	diff	284	(132, 64, 375, 87)
summary: {'same': 237, 'diff': 44} of 281
