001-hvdma	diff	104366	(0, 0, 528, 239)
002-hvdma_max	diff	1792	(0, 1, 15, 223)
016-HblankEmuTest	diff	2456	(154, 50, 379, 163)
083-speed_test_v51	diff	84	(12, 99, 21, 113)
173-test_hello	diff	1742	(10, 15, 89, 101)
174-test_noise	diff	1660	(222, 0, 247, 221)
176-ppubusact	diff	16664	(0, 8, 511, 223)
192-hdmaen_latch_test_2	diff	4682	(0, 8, 511, 166)
193-inidisp_brightness_delay	diff	84	(138, 7, 155, 215)
195-inidisp_enable_display_mid_frame	diff	10	(78, 88, 87, 88)
216-u-hdmaen_latch_test_2	diff	5120	(0, 10, 511, 190)
218-u-inidisp_brightness_delay	diff	84	(138, 7, 155, 215)
219-u-inidisp_enable_display_mid_frame	diff	10	(78, 88, 87, 88)
231-u-auto-joy-timing-test	diff	90	(242, 104, 269, 126)
235-u-blip-autojoy-timing-test	diff	36	(274, 168, 285, 182)
236-u-clear-autojoy-1st-vb-sl	diff	140	(256, 128, 285, 150)
243-u-joypad-latch-set-during-autojoy	diff	80	(274, 152, 285, 166)
244-u-joyser0-read-during-autojoy	diff	40	(274, 184, 285, 190)
280-u-dma-ends-hdma-start-1-ch	diff	50	(432, 112, 445, 118)
summary: {'diff': 19, 'same': 262} of 281
