002-hvdma_max	diff	3568	(0, 1, 15, 223)
014-test_irqb	diff	114688	(0, 0, 511, 223)
073-SPC700AND	diff	508	(130, 71, 461, 77)
081-timing_test	diff	92	(354, 136, 381, 142)
082-test	diff	92	(354, 136, 381, 142)
083-speed_test_v51	diff	196	(12, 107, 477, 129)
105-timer_at_power_reset	diff	1308	(16, 176, 331, 214)
121-test_irqb	diff	114688	(0, 0, 511, 223)
173-test_hello	diff	1656	(14, 15, 95, 101)
174-test_noise	diff	76440	(0, 0, 511, 223)
176-ppubusact	diff	20917	(0, 8, 511, 223)
177-smpspeed	diff	334	(180, 48, 365, 157)
191-hdmaen_latch_test	diff	5632	(0, 18, 511, 200)
192-hdmaen_latch_test_2	diff	10240	(0, 12, 511, 196)
193-inidisp_brightness_delay	diff	40	(140, 7, 155, 215)
195-inidisp_enable_display_mid_frame	diff	50	(82, 88, 255, 89)
215-u-hdmaen_latch_test	diff	5632	(0, 18, 511, 200)
216-u-hdmaen_latch_test_2	diff	10752	(0, 8, 511, 194)
218-u-inidisp_brightness_delay	diff	40	(140, 7, 155, 215)
219-u-inidisp_enable_display_mid_frame	diff	50	(82, 88, 255, 89)
231-u-auto-joy-timing-test	diff	108	(242, 104, 269, 126)
234-u-blip-autojoy-test	diff	120	(274, 136, 285, 174)
235-u-blip-autojoy-timing-test	diff	70	(274, 115, 285, 182)
236-u-clear-autojoy-1st-vb-sl	diff	258	(256, 120, 285, 190)
238-u-clear-autojoy-during-autojoy	diff	158	(274, 104, 285, 158)
240-u-enable-autojoy-late-test-2	diff	16	(274, 155, 285, 158)
241-u-enable-autojoy-late-test	diff	32	(338, 107, 349, 126)
242-u-joypad-latch-clear-during-autojoy	diff	118	(274, 104, 285, 158)
243-u-joypad-latch-set-during-autojoy	diff	80	(274, 120, 285, 158)
244-u-joyser0-read-during-autojoy	diff	240	(274, 112, 285, 190)
280-u-dma-ends-hdma-start-1-ch	diff	106	(434, 80, 445, 118)
summary: {'same': 250, 'diff': 31} of 281
